/*******************************************************************************
 * Size: 25 px
 * Bpp: 8
 * Opts: --bpp 8 --size 25 --no-compress --font fonts/Orbitron-Regular.ttf --symbols |—–_-¯|°│ --range 32-127 --format lvgl
 ******************************************************************************/

#ifdef __has_include
    #if __has_include("lvgl.h")
        #ifndef LV_LVGL_H_INCLUDE_SIMPLE
            #define LV_LVGL_H_INCLUDE_SIMPLE
        #endif
    #endif
#endif

#ifdef LV_LVGL_H_INCLUDE_SIMPLE
    #include "lvgl.h"
#else
    #include "lvgl.h"
#endif

#ifndef UI_FONT_ORBITRON_25
#define UI_FONT_ORBITRON_25 1
#endif

#if UI_FONT_ORBITRON_25

/*-----------------
 *    BITMAPS
 *----------------*/

/*Store the image of the glyphs*/
static LV_ATTRIBUTE_LARGE_CONST const uint8_t glyph_bitmap[] = {
    /* U+0020 " " */

    /* U+0021 "!" */
    0x8c, 0xff, 0x80, 0x8c, 0xff, 0x80, 0x8c, 0xff,
    0x80, 0x8c, 0xff, 0x80, 0x8c, 0xff, 0x80, 0x8c,
    0xff, 0x80, 0x8c, 0xff, 0x80, 0x8c, 0xff, 0x80,
    0x8c, 0xff, 0x80, 0x8c, 0xff, 0x80, 0x8c, 0xff,
    0x80, 0x8c, 0xff, 0x80, 0x8c, 0xff, 0x80, 0x35,
    0x60, 0x30, 0x0, 0x0, 0x0, 0x0, 0x0, 0x0,
    0x12, 0x20, 0x10, 0x8c, 0xff, 0x80, 0x8c, 0xff,
    0x80,

    /* U+0022 "\"" */
    0x88, 0xff, 0x88, 0x0, 0xa8, 0xff, 0x68, 0x88,
    0xff, 0x88, 0x0, 0xa8, 0xff, 0x68, 0x88, 0xff,
    0x88, 0x0, 0xa8, 0xff, 0x68, 0x55, 0xa0, 0x55,
    0x0, 0x69, 0xa0, 0x41,

    /* U+0023 "#" */
    0x0, 0x0, 0x0, 0x0, 0x0, 0x0, 0x0, 0x58,
    0xff, 0xaf, 0x0, 0x0, 0x0, 0x0, 0x0, 0x0,
    0xd1, 0xff, 0x33, 0x0, 0x0, 0x0, 0x0, 0x0,
    0x0, 0x0, 0x0, 0xa2, 0xff, 0x64, 0x0, 0x0,
    0x0, 0x0, 0x0, 0x1b, 0xff, 0xe7, 0x1, 0x0,
    0x0, 0x0, 0x0, 0x0, 0x0, 0x0, 0x2, 0xe9,
    0xff, 0x1a, 0x0, 0x0, 0x0, 0x0, 0x0, 0x65,
    0xff, 0x9e, 0x0, 0x0, 0x0, 0x0, 0x0, 0x0,
    0x0, 0x0, 0x34, 0xff, 0xcf, 0x0, 0x0, 0x0,
    0x0, 0x0, 0x0, 0xaf, 0xff, 0x53, 0x0, 0x0,
    0x0, 0xd, 0x20, 0x20, 0x20, 0x20, 0x89, 0xff,
    0x98, 0x20, 0x20, 0x20, 0x20, 0x20, 0x23, 0xf3,
    0xfd, 0x2d, 0x20, 0xb, 0x0, 0x68, 0xff, 0xff,
    0xff, 0xff, 0xff, 0xff, 0xff, 0xff, 0xff, 0xff,
    0xff, 0xff, 0xff, 0xff, 0xff, 0xff, 0xff, 0x54,
    0x0, 0x68, 0xff, 0xff, 0xff, 0xff, 0xff, 0xff,
    0xff, 0xff, 0xff, 0xff, 0xff, 0xff, 0xff, 0xff,
    0xff, 0xff, 0xff, 0x54, 0x0, 0x0, 0x0, 0x0,
    0x0, 0x66, 0xff, 0xa1, 0x0, 0x0, 0x0, 0x0,
    0x0, 0x0, 0xdf, 0xff, 0x26, 0x0, 0x0, 0x0,
    0x0, 0x0, 0x0, 0x0, 0x0, 0xb4, 0xff, 0x56,
    0x0, 0x0, 0x0, 0x0, 0x0, 0x2d, 0xff, 0xd9,
    0x0, 0x0, 0x0, 0x0, 0x0, 0x0, 0x0, 0x0,
    0xb, 0xf7, 0xfa, 0xf, 0x0, 0x0, 0x0, 0x0,
    0x0, 0x7a, 0xff, 0x8c, 0x0, 0x0, 0x0, 0x0,
    0x0, 0x0, 0x0, 0x0, 0x50, 0xff, 0xbd, 0x0,
    0x0, 0x0, 0x0, 0x0, 0x0, 0xc7, 0xff, 0x3e,
    0x0, 0x0, 0x0, 0x0, 0x0, 0x0, 0x0, 0x0,
    0x9d, 0xff, 0x70, 0x0, 0x0, 0x0, 0x0, 0x0,
    0x18, 0xfe, 0xee, 0x4, 0x0, 0x0, 0x0, 0x0,
    0x7, 0x20, 0x20, 0x20, 0xe8, 0xff, 0x46, 0x20,
    0x20, 0x20, 0x20, 0x20, 0x72, 0xff, 0xb6, 0x20,
    0x20, 0x20, 0x10, 0x0, 0x34, 0xff, 0xff, 0xff,
    0xff, 0xff, 0xff, 0xff, 0xff, 0xff, 0xff, 0xff,
    0xff, 0xff, 0xff, 0xff, 0xff, 0xff, 0x80, 0x0,
    0x34, 0xff, 0xff, 0xff, 0xff, 0xff, 0xff, 0xff,
    0xff, 0xff, 0xff, 0xff, 0xff, 0xff, 0xff, 0xff,
    0xff, 0xff, 0x80, 0x0, 0x0, 0x0, 0x0, 0xd8,
    0xff, 0x2e, 0x0, 0x0, 0x0, 0x0, 0x0, 0x54,
    0xff, 0xb5, 0x0, 0x0, 0x0, 0x0, 0x0, 0x0,
    0x0, 0x0, 0x2f, 0xff, 0xd9, 0x0, 0x0, 0x0,
    0x0, 0x0, 0x0, 0xa9, 0xff, 0x60, 0x0, 0x0,
    0x0, 0x0, 0x0, 0x0, 0x0, 0x0, 0x86, 0xff,
    0x86, 0x0, 0x0, 0x0, 0x0, 0x0, 0xa, 0xf5,
    0xfa, 0x11, 0x0, 0x0, 0x0, 0x0, 0x0, 0x0,
    0x0, 0x0, 0xdc, 0xff, 0x32, 0x0, 0x0, 0x0,
    0x0, 0x0, 0x55, 0xff, 0xb7, 0x0, 0x0, 0x0,
    0x0, 0x0, 0x0, 0x0,

    /* U+0024 "$" */
    0x0, 0x0, 0x0, 0x0, 0x0, 0x0, 0x0, 0x0,
    0xa, 0x80, 0x7c, 0x0, 0x0, 0x0, 0x0, 0x0,
    0x0, 0x0, 0x0, 0x0, 0x0, 0x0, 0x0, 0x0,
    0x0, 0x0, 0x0, 0x0, 0x14, 0xff, 0xf8, 0x0,
    0x0, 0x0, 0x0, 0x0, 0x0, 0x0, 0x0, 0x0,
    0x0, 0x0, 0x0, 0x0, 0x0, 0x0, 0x0, 0x0,
    0x14, 0xff, 0xf8, 0x0, 0x0, 0x0, 0x0, 0x0,
    0x0, 0x0, 0x0, 0x0, 0x0, 0xd, 0xa2, 0xf6,
    0xff, 0xff, 0xff, 0xff, 0xff, 0xff, 0xff, 0xff,
    0xff, 0xff, 0xff, 0xff, 0xef, 0x8f, 0x5, 0x0,
    0x0, 0xa7, 0xff, 0xff, 0xff, 0xff, 0xff, 0xff,
    0xff, 0xff, 0xff, 0xff, 0xff, 0xff, 0xff, 0xff,
    0xff, 0xff, 0x8c, 0x0, 0x10, 0xfd, 0xfb, 0x3c,
    0x18, 0x18, 0x18, 0x18, 0x2a, 0xff, 0xf9, 0x18,
    0x18, 0x18, 0x18, 0x18, 0x5d, 0xff, 0xf2, 0x1,
    0x27, 0xff, 0xe0, 0x0, 0x0, 0x0, 0x0, 0x0,
    0x14, 0xff, 0xf8, 0x0, 0x0, 0x0, 0x0, 0x0,
    0x9, 0xff, 0xff, 0x5, 0x28, 0xff, 0xe0, 0x0,
    0x0, 0x0, 0x0, 0x0, 0x14, 0xff, 0xf8, 0x0,
    0x0, 0x0, 0x0, 0x0, 0x0, 0x0, 0x0, 0x0,
    0x28, 0xff, 0xe0, 0x0, 0x0, 0x0, 0x0, 0x0,
    0x14, 0xff, 0xf8, 0x0, 0x0, 0x0, 0x0, 0x0,
    0x0, 0x0, 0x0, 0x0, 0x28, 0xff, 0xe0, 0x0,
    0x0, 0x0, 0x0, 0x0, 0x14, 0xff, 0xf8, 0x0,
    0x0, 0x0, 0x0, 0x0, 0x0, 0x0, 0x0, 0x0,
    0x27, 0xff, 0xe0, 0x0, 0x0, 0x0, 0x0, 0x0,
    0x14, 0xff, 0xf8, 0x0, 0x0, 0x0, 0x0, 0x0,
    0x0, 0x0, 0x0, 0x0, 0x10, 0xfd, 0xfb, 0x48,
    0x24, 0x24, 0x24, 0x24, 0x35, 0xff, 0xf9, 0x24,
    0x24, 0x24, 0x24, 0x24, 0x15, 0x0, 0x0, 0x0,
    0x0, 0xa4, 0xff, 0xff, 0xff, 0xff, 0xff, 0xff,
    0xff, 0xff, 0xff, 0xff, 0xff, 0xff, 0xff, 0xff,
    0xff, 0xb7, 0x12, 0x0, 0x0, 0xa, 0x9e, 0xf6,
    0xff, 0xff, 0xff, 0xff, 0xff, 0xff, 0xff, 0xff,
    0xff, 0xff, 0xff, 0xff, 0xff, 0xff, 0xac, 0x0,
    0x0, 0x0, 0x0, 0x0, 0x0, 0x0, 0x0, 0x0,
    0x14, 0xff, 0xf8, 0x0, 0x0, 0x0, 0x0, 0x0,
    0x3e, 0xff, 0xfb, 0x5, 0x0, 0x0, 0x0, 0x0,
    0x0, 0x0, 0x0, 0x0, 0x14, 0xff, 0xf8, 0x0,
    0x0, 0x0, 0x0, 0x0, 0x8, 0xff, 0xff, 0xc,
    0x0, 0x0, 0x0, 0x0, 0x0, 0x0, 0x0, 0x0,
    0x14, 0xff, 0xf8, 0x0, 0x0, 0x0, 0x0, 0x0,
    0x8, 0xff, 0xff, 0xc, 0x0, 0x0, 0x0, 0x0,
    0x0, 0x0, 0x0, 0x0, 0x14, 0xff, 0xf8, 0x0,
    0x0, 0x0, 0x0, 0x0, 0x8, 0xff, 0xff, 0xc,
    0x1e, 0xc0, 0xa8, 0x0, 0x0, 0x0, 0x0, 0x0,
    0x14, 0xff, 0xf8, 0x0, 0x0, 0x0, 0x0, 0x0,
    0x8, 0xff, 0xff, 0xc, 0x17, 0xff, 0xf7, 0x38,
    0x18, 0x18, 0x18, 0x18, 0x2a, 0xff, 0xf9, 0x18,
    0x18, 0x18, 0x18, 0x18, 0x53, 0xff, 0xf8, 0x3,
    0x0, 0xb8, 0xff, 0xff, 0xff, 0xff, 0xff, 0xff,
    0xff, 0xff, 0xff, 0xff, 0xff, 0xff, 0xff, 0xff,
    0xff, 0xff, 0x9e, 0x0, 0x0, 0x12, 0xa7, 0xf6,
    0xff, 0xff, 0xff, 0xff, 0xff, 0xff, 0xff, 0xff,
    0xff, 0xff, 0xff, 0xff, 0xf4, 0x9a, 0xa, 0x0,
    0x0, 0x0, 0x0, 0x0, 0x0, 0x0, 0x0, 0x0,
    0x14, 0xff, 0xf8, 0x0, 0x0, 0x0, 0x0, 0x0,
    0x0, 0x0, 0x0, 0x0, 0x0, 0x0, 0x0, 0x0,
    0x0, 0x0, 0x0, 0x0, 0x14, 0xff, 0xf8, 0x0,
    0x0, 0x0, 0x0, 0x0, 0x0, 0x0, 0x0, 0x0,
    0x0, 0x0, 0x0, 0x0, 0x0, 0x0, 0x0, 0x0,
    0x14, 0xff, 0xf8, 0x0, 0x0, 0x0, 0x0, 0x0,
    0x0, 0x0, 0x0, 0x0,

    /* U+0025 "%" */
    0x0, 0x0, 0x0, 0x0, 0x0, 0x0, 0x0, 0x0,
    0x0, 0x0, 0x0, 0x0, 0x0, 0x0, 0x0, 0x0,
    0x0, 0x0, 0x0, 0x0, 0x0, 0x0, 0x0, 0x0,
    0x5e, 0xe1, 0xff, 0xff, 0xff, 0xd6, 0x44, 0x0,
    0x0, 0x0, 0x0, 0x0, 0x0, 0x0, 0x0, 0x0,
    0x0, 0x0, 0x20, 0x79, 0x0, 0x0, 0x44, 0xe3,
    0x9c, 0x9c, 0x9c, 0x9c, 0x9c, 0xec, 0x27, 0x0,
    0x0, 0x0, 0x0, 0x0, 0x0, 0x0, 0x0, 0x0,
    0x31, 0xe7, 0xa0, 0x0, 0x0, 0xaf, 0xb8, 0x0,
    0x0, 0x0, 0x0, 0x0, 0xe0, 0x8b, 0x0, 0x0,
    0x0, 0x0, 0x0, 0x0, 0x0, 0x0, 0x46, 0xf3,
    0xff, 0x9d, 0x0, 0x0, 0xcb, 0xb8, 0x0, 0x0,
    0x0, 0x0, 0x0, 0xe0, 0xa7, 0x0, 0x0, 0x0,
    0x0, 0x0, 0x0, 0x0, 0x5d, 0xfb, 0xff, 0xcf,
    0x18, 0x0, 0x0, 0xcc, 0xb8, 0x0, 0x0, 0x0,
    0x0, 0x0, 0xe0, 0xa8, 0x0, 0x0, 0x0, 0x0,
    0x0, 0x0, 0x79, 0xff, 0xff, 0xb8, 0xd, 0x0,
    0x0, 0x0, 0xcb, 0xb8, 0x0, 0x0, 0x0, 0x0,
    0x0, 0xe0, 0xa7, 0x0, 0x0, 0x0, 0x0, 0x3,
    0x95, 0xff, 0xff, 0x9e, 0x5, 0x0, 0x0, 0x0,
    0x0, 0xb0, 0xb8, 0x0, 0x0, 0x0, 0x0, 0x0,
    0xe0, 0x8b, 0x0, 0x0, 0x0, 0x9, 0xaf, 0xff,
    0xff, 0x82, 0x1, 0x0, 0x0, 0x0, 0x0, 0x0,
    0x44, 0xe1, 0x94, 0x94, 0x94, 0x94, 0x94, 0xeb,
    0x28, 0x0, 0x0, 0x13, 0xc5, 0xff, 0xfc, 0x64,
    0x0, 0x0, 0x0, 0x0, 0x0, 0x0, 0x0, 0x0,
    0x5e, 0xe1, 0xff, 0xff, 0xff, 0xd6, 0x44, 0x0,
    0x0, 0x20, 0xd8, 0xff, 0xf4, 0x4a, 0x0, 0x0,
    0x0, 0x0, 0x0, 0x0, 0x0, 0x0, 0x0, 0x0,
    0x0, 0x0, 0x0, 0x0, 0x0, 0x0, 0x0, 0x31,
    0xe6, 0xff, 0xe9, 0x34, 0x0, 0x0, 0x0, 0x0,
    0x0, 0x0, 0x0, 0x0, 0x0, 0x0, 0x0, 0x0,
    0x0, 0x0, 0x0, 0x0, 0x0, 0x45, 0xf3, 0xff,
    0xd9, 0x22, 0x0, 0x0, 0x35, 0x89, 0x94, 0x94,
    0x8e, 0x45, 0x0, 0x0, 0x0, 0x0, 0x0, 0x0,
    0x0, 0x0, 0x0, 0x5d, 0xfa, 0xff, 0xc6, 0x13,
    0x0, 0x0, 0x59, 0xfd, 0xff, 0xff, 0xff, 0xff,
    0xff, 0x7d, 0x0, 0x0, 0x0, 0x0, 0x0, 0x0,
    0x0, 0x79, 0xff, 0xff, 0xaf, 0x9, 0x0, 0x0,
    0x3, 0xe9, 0x68, 0x0, 0x0, 0x0, 0x0, 0x38,
    0xfc, 0x1a, 0x0, 0x0, 0x0, 0x0, 0x3, 0x94,
    0xff, 0xff, 0x94, 0x3, 0x0, 0x0, 0x0, 0x1d,
    0xff, 0x68, 0x0, 0x0, 0x0, 0x0, 0x38, 0xff,
    0x49, 0x0, 0x0, 0x0, 0x9, 0xaf, 0xff, 0xff,
    0x76, 0x0, 0x0, 0x0, 0x0, 0x0, 0x20, 0xff,
    0x68, 0x0, 0x0, 0x0, 0x0, 0x38, 0xff, 0x4c,
    0x0, 0x0, 0x13, 0xc4, 0xff, 0xf9, 0x5a, 0x0,
    0x0, 0x0, 0x0, 0x0, 0x0, 0x20, 0xff, 0x68,
    0x0, 0x0, 0x0, 0x0, 0x38, 0xff, 0x4c, 0x0,
    0x0, 0x91, 0xff, 0xf0, 0x42, 0x0, 0x0, 0x0,
    0x0, 0x0, 0x0, 0x0, 0xe, 0xfd, 0x68, 0x0,
    0x0, 0x0, 0x0, 0x38, 0xff, 0x35, 0x0, 0x0,
    0x94, 0xe4, 0x2c, 0x0, 0x0, 0x0, 0x0, 0x0,
    0x0, 0x0, 0x0, 0x0, 0xa7, 0xc0, 0x94, 0x94,
    0x94, 0x94, 0xac, 0xcc, 0x2, 0x0, 0x0, 0x68,
    0x1c, 0x0, 0x0, 0x0, 0x0, 0x0, 0x0, 0x0,
    0x0, 0x0, 0x0, 0xb, 0x9e, 0xf5, 0xff, 0xff,
    0xfa, 0xb1, 0x19, 0x0,

    /* U+0026 "&" */
    0x0, 0x0, 0x45, 0xd5, 0xff, 0xff, 0xff, 0xff,
    0xff, 0xff, 0xff, 0xff, 0xff, 0xff, 0xff, 0xd6,
    0x41, 0x0, 0x0, 0x0, 0x0, 0x0, 0x0, 0x28,
    0xf8, 0xff, 0xff, 0xff, 0xff, 0xff, 0xff, 0xff,
    0xff, 0xff, 0xff, 0xff, 0xff, 0xff, 0xf7, 0x30,
    0x0, 0x0, 0x0, 0x0, 0x0, 0x89, 0xff, 0xba,
    0x2f, 0x2c, 0x2c, 0x2c, 0x2c, 0x2c, 0x2c, 0x2c,
    0x2c, 0x2c, 0x2e, 0xac, 0xff, 0xa5, 0x0, 0x0,
    0x0, 0x0, 0x0, 0xa0, 0xff, 0x6d, 0x0, 0x0,
    0x0, 0x0, 0x0, 0x0, 0x0, 0x0, 0x0, 0x0,
    0x0, 0x59, 0xff, 0xb8, 0x0, 0x0, 0x0, 0x0,
    0x0, 0xa0, 0xff, 0x6c, 0x0, 0x0, 0x0, 0x0,
    0x0, 0x0, 0x0, 0x0, 0x0, 0x0, 0x0, 0xa,
    0x1c, 0x14, 0x0, 0x0, 0x0, 0x0, 0x0, 0xa0,
    0xff, 0x6c, 0x0, 0x0, 0x0, 0x0, 0x0, 0x0,
    0x0, 0x0, 0x0, 0x0, 0x0, 0x0, 0x0, 0x0,
    0x0, 0x0, 0x0, 0x0, 0x0, 0x88, 0xff, 0x6e,
    0x0, 0x0, 0x0, 0x0, 0x0, 0x0, 0x0, 0x0,
    0x0, 0x0, 0x0, 0x0, 0x0, 0x0, 0x0, 0x0,
    0x0, 0x0, 0x0, 0x1e, 0xee, 0xf4, 0x84, 0xf,
    0x0, 0x0, 0x0, 0x0, 0x0, 0x0, 0x0, 0x0,
    0x0, 0x0, 0x0, 0x0, 0x0, 0x0, 0x0, 0x0,
    0x0, 0x54, 0xc1, 0xff, 0xff, 0xec, 0x71, 0x7,
    0x0, 0x0, 0x0, 0x0, 0x0, 0x0, 0x0, 0x0,
    0x0, 0x0, 0x0, 0x0, 0x0, 0x0, 0x70, 0xff,
    0xa2, 0x1b, 0x80, 0xf3, 0xff, 0xe1, 0x60, 0x3,
    0x0, 0x0, 0x0, 0x0, 0x0, 0x0, 0x0, 0x0,
    0x0, 0x0, 0x0, 0x0, 0xac, 0xff, 0x60, 0x0,
    0x0, 0x16, 0x93, 0xfa, 0xff, 0xd4, 0x4c, 0x0,
    0x0, 0x0, 0x0, 0x0, 0x70, 0xcc, 0x66, 0x0,
    0x0, 0x0, 0xac, 0xff, 0x60, 0x0, 0x0, 0x0,
    0x0, 0x22, 0xa4, 0xfe, 0xff, 0xc4, 0x3a, 0x0,
    0x0, 0x0, 0x8c, 0xff, 0x80, 0x0, 0x0, 0x0,
    0xac, 0xff, 0x60, 0x0, 0x0, 0x0, 0x0, 0x0,
    0x0, 0x31, 0xb9, 0xff, 0xff, 0xb1, 0x2b, 0x0,
    0x8c, 0xff, 0x80, 0x0, 0x0, 0x0, 0xac, 0xff,
    0x60, 0x0, 0x0, 0x0, 0x0, 0x0, 0x0, 0x0,
    0x0, 0x41, 0xca, 0xff, 0xfd, 0x9f, 0xa7, 0xff,
    0x80, 0x0, 0x0, 0x0, 0xac, 0xff, 0x60, 0x0,
    0x0, 0x0, 0x0, 0x0, 0x0, 0x0, 0x0, 0x0,
    0x1, 0x53, 0xda, 0xff, 0xff, 0xff, 0x9e, 0x1,
    0x0, 0x0, 0xac, 0xff, 0x60, 0x0, 0x0, 0x0,
    0x0, 0x0, 0x0, 0x0, 0x0, 0x0, 0x0, 0x0,
    0x4, 0x67, 0xe8, 0xff, 0xff, 0xc2, 0x27, 0x0,
    0x95, 0xff, 0xaa, 0x22, 0x20, 0x20, 0x20, 0x20,
    0x20, 0x20, 0x20, 0x20, 0x20, 0x20, 0x20, 0x2d,
    0xda, 0xff, 0xd1, 0xfe, 0xf9, 0x76, 0x31, 0xfb,
    0xff, 0xff, 0xff, 0xff, 0xff, 0xff, 0xff, 0xff,
    0xff, 0xff, 0xff, 0xff, 0xff, 0xff, 0xff, 0xe2,
    0xd, 0x37, 0xc9, 0xd8, 0x0, 0x4d, 0xda, 0xff,
    0xff, 0xff, 0xff, 0xff, 0xff, 0xff, 0xff, 0xff,
    0xff, 0xff, 0xff, 0xfd, 0xc1, 0x24, 0x0, 0x0,
    0x2, 0x48,

    /* U+0027 "'" */
    0x88, 0xff, 0x88, 0x88, 0xff, 0x88, 0x88, 0xff,
    0x88, 0x55, 0xa0, 0x55,

    /* U+0028 "(" */
    0x0, 0x50, 0xda, 0xff, 0xc, 0x38, 0xfd, 0xff,
    0xff, 0xc, 0x9d, 0xff, 0xa9, 0x2a, 0x2, 0xb4,
    0xff, 0x58, 0x0, 0x0, 0xb4, 0xff, 0x58, 0x0,
    0x0, 0xb4, 0xff, 0x58, 0x0, 0x0, 0xb4, 0xff,
    0x58, 0x0, 0x0, 0xb4, 0xff, 0x58, 0x0, 0x0,
    0xb4, 0xff, 0x58, 0x0, 0x0, 0xb4, 0xff, 0x58,
    0x0, 0x0, 0xb4, 0xff, 0x58, 0x0, 0x0, 0xb4,
    0xff, 0x58, 0x0, 0x0, 0xb4, 0xff, 0x58, 0x0,
    0x0, 0xb4, 0xff, 0x58, 0x0, 0x0, 0xb4, 0xff,
    0x58, 0x0, 0x0, 0xb4, 0xff, 0x58, 0x0, 0x0,
    0x9e, 0xff, 0xa5, 0x22, 0x2, 0x38, 0xfd, 0xff,
    0xff, 0xc, 0x0, 0x50, 0xdb, 0xff, 0xc,

    /* U+0029 ")" */
    0x98, 0xf5, 0x9d, 0xb, 0x0, 0x98, 0xff, 0xff,
    0xa8, 0x0, 0x18, 0x51, 0xfe, 0xfe, 0x12, 0x0,
    0x0, 0xec, 0xff, 0x28, 0x0, 0x0, 0xec, 0xff,
    0x28, 0x0, 0x0, 0xec, 0xff, 0x28, 0x0, 0x0,
    0xec, 0xff, 0x28, 0x0, 0x0, 0xec, 0xff, 0x28,
    0x0, 0x0, 0xec, 0xff, 0x28, 0x0, 0x0, 0xec,
    0xff, 0x28, 0x0, 0x0, 0xec, 0xff, 0x28, 0x0,
    0x0, 0xec, 0xff, 0x28, 0x0, 0x0, 0xec, 0xff,
    0x28, 0x0, 0x0, 0xec, 0xff, 0x28, 0x0, 0x0,
    0xec, 0xff, 0x28, 0x0, 0x0, 0xec, 0xff, 0x28,
    0x13, 0x4a, 0xfe, 0xfe, 0x13, 0x98, 0xff, 0xff,
    0xa8, 0x0, 0x98, 0xf5, 0x9e, 0xb, 0x0,

    /* U+002A "*" */
    0x0, 0x0, 0x0, 0x0, 0x18, 0xff, 0xf4, 0x0,
    0x0, 0x0, 0x0, 0x0, 0x0, 0x0, 0x0, 0x0,
    0x18, 0xff, 0xf4, 0x0, 0x0, 0x0, 0x0, 0x0,
    0x0, 0x20, 0x0, 0x0, 0x18, 0xff, 0xf4, 0x0,
    0x0, 0x3, 0x1e, 0x0, 0xb, 0xf8, 0xd8, 0x80,
    0x40, 0xff, 0xf5, 0x3c, 0x93, 0xe7, 0xd6, 0x0,
    0x39, 0xfa, 0xff, 0xff, 0xff, 0xff, 0xff, 0xff,
    0xff, 0xff, 0xf5, 0x1b, 0x0, 0x12, 0x62, 0xb8,
    0xfb, 0xff, 0xff, 0xf6, 0xab, 0x55, 0xb, 0x0,
    0x0, 0x0, 0x0, 0x27, 0xf6, 0xff, 0xff, 0xe5,
    0x12, 0x0, 0x0, 0x0, 0x0, 0x0, 0x4, 0xca,
    0xff, 0xc1, 0xdd, 0xff, 0xa8, 0x0, 0x0, 0x0,
    0x0, 0x0, 0x7e, 0xff, 0xf0, 0x1d, 0x37, 0xfb,
    0xff, 0x5a, 0x0, 0x0, 0x0, 0x0, 0x95, 0xff,
    0x59, 0x0, 0x0, 0x79, 0xfc, 0x6f, 0x0, 0x0,
    0x0, 0x0, 0x0, 0x37, 0x0, 0x0, 0x0, 0x3,
    0x32, 0x0, 0x0, 0x0,

    /* U+002B "+" */
    0x0, 0x0, 0x0, 0x0, 0x10, 0x14, 0x6, 0x0,
    0x0, 0x0, 0x0, 0x0, 0x0, 0x0, 0x0, 0xc8,
    0xff, 0x48, 0x0, 0x0, 0x0, 0x0, 0x0, 0x0,
    0x0, 0x0, 0xc8, 0xff, 0x48, 0x0, 0x0, 0x0,
    0x0, 0x0, 0x0, 0x0, 0x0, 0xc8, 0xff, 0x48,
    0x0, 0x0, 0x0, 0x0, 0x13, 0x20, 0x20, 0x20,
    0xcf, 0xff, 0x5f, 0x20, 0x20, 0x20, 0x6, 0x94,
    0xff, 0xff, 0xff, 0xff, 0xff, 0xff, 0xff, 0xff,
    0xff, 0x2c, 0x94, 0xff, 0xff, 0xff, 0xff, 0xff,
    0xff, 0xff, 0xff, 0xff, 0x2c, 0x0, 0x0, 0x0,
    0x0, 0xc8, 0xff, 0x48, 0x0, 0x0, 0x0, 0x0,
    0x0, 0x0, 0x0, 0x0, 0xc8, 0xff, 0x48, 0x0,
    0x0, 0x0, 0x0, 0x0, 0x0, 0x0, 0x0, 0xc8,
    0xff, 0x48, 0x0, 0x0, 0x0, 0x0, 0x0, 0x0,
    0x0, 0x0, 0xc8, 0xff, 0x48, 0x0, 0x0, 0x0,
    0x0,

    /* U+002C "," */
    0xa8, 0xff, 0x68, 0xa8, 0xff, 0x68, 0xa8, 0xff,
    0x67, 0xa8, 0xff, 0x3e, 0xa8, 0xb4, 0x0, 0x3d,
    0x6, 0x0,

    /* U+002D "-" */
    0x11, 0x20, 0x20, 0x20, 0x20, 0x20, 0x20, 0x20,
    0x20, 0x20, 0x7, 0x88, 0xff, 0xff, 0xff, 0xff,
    0xff, 0xff, 0xff, 0xff, 0xff, 0x38, 0x88, 0xff,
    0xff, 0xff, 0xff, 0xff, 0xff, 0xff, 0xff, 0xff,
    0x38,

    /* U+002E "." */
    0x15, 0x20, 0xd, 0xa8, 0xff, 0x68, 0xa8, 0xff,
    0x68,

    /* U+002F "/" */
    0x0, 0x0, 0x0, 0x0, 0x0, 0x0, 0x0, 0x0,
    0x0, 0x0, 0x0, 0x0, 0x27, 0x0, 0x0, 0x0,
    0x0, 0x0, 0x0, 0x0, 0x0, 0x0, 0x0, 0x0,
    0x26, 0xbd, 0x0, 0x0, 0x0, 0x0, 0x0, 0x0,
    0x0, 0x0, 0x0, 0x0, 0xd, 0xd6, 0xcc, 0x0,
    0x0, 0x0, 0x0, 0x0, 0x0, 0x0, 0x0, 0x0,
    0x1, 0xaf, 0xff, 0x73, 0x0, 0x0, 0x0, 0x0,
    0x0, 0x0, 0x0, 0x0, 0x0, 0x7c, 0xff, 0xa9,
    0x0, 0x0, 0x0, 0x0, 0x0, 0x0, 0x0, 0x0,
    0x0, 0x49, 0xfe, 0xd2, 0xb, 0x0, 0x0, 0x0,
    0x0, 0x0, 0x0, 0x0, 0x0, 0x24, 0xf0, 0xee,
    0x23, 0x0, 0x0, 0x0, 0x0, 0x0, 0x0, 0x0,
    0x0, 0xc, 0xd3, 0xfd, 0x49, 0x0, 0x0, 0x0,
    0x0, 0x0, 0x0, 0x0, 0x0, 0x1, 0xaa, 0xff,
    0x79, 0x0, 0x0, 0x0, 0x0, 0x0, 0x0, 0x0,
    0x0, 0x0, 0x76, 0xff, 0xae, 0x1, 0x0, 0x0,
    0x0, 0x0, 0x0, 0x0, 0x0, 0x0, 0x46, 0xfd,
    0xd6, 0xd, 0x0, 0x0, 0x0, 0x0, 0x0, 0x0,
    0x0, 0x0, 0x20, 0xee, 0xf1, 0x26, 0x0, 0x0,
    0x0, 0x0, 0x0, 0x0, 0x0, 0x0, 0x9, 0xd0,
    0xfe, 0x4d, 0x0, 0x0, 0x0, 0x0, 0x0, 0x0,
    0x0, 0x0, 0x0, 0xa4, 0xff, 0x82, 0x0, 0x0,
    0x0, 0x0, 0x0, 0x0, 0x0, 0x0, 0x0, 0x70,
    0xff, 0xb4, 0x2, 0x0, 0x0, 0x0, 0x0, 0x0,
    0x0, 0x0, 0x0, 0x40, 0xfc, 0xda, 0x10, 0x0,
    0x0, 0x0, 0x0, 0x0, 0x0, 0x0, 0x0, 0x0,
    0xd1, 0xf4, 0x2b, 0x0, 0x0, 0x0, 0x0, 0x0,
    0x0, 0x0, 0x0, 0x0, 0x0, 0xd7, 0x55, 0x0,
    0x0, 0x0, 0x0, 0x0, 0x0, 0x0, 0x0, 0x0,
    0x0, 0x0, 0x5f, 0x0, 0x0, 0x0, 0x0, 0x0,
    0x0, 0x0, 0x0, 0x0, 0x0, 0x0, 0x0,

    /* U+0030 "0" */
    0x0, 0x42, 0xd3, 0xff, 0xff, 0xff, 0xff, 0xff,
    0xff, 0xff, 0xff, 0xff, 0xff, 0xff, 0xff, 0xff,
    0xd4, 0x42, 0x0, 0x23, 0xf7, 0xff, 0xff, 0xff,
    0xff, 0xff, 0xff, 0xff, 0xff, 0xff, 0xff, 0xff,
    0xff, 0xff, 0xff, 0xff, 0xf7, 0x23, 0x7e, 0xff,
    0xc1, 0x2d, 0x28, 0x28, 0x28, 0x28, 0x28, 0x28,
    0x28, 0x28, 0x28, 0x28, 0x28, 0x5c, 0xf8, 0xff,
    0x80, 0x94, 0xff, 0x78, 0x0, 0x0, 0x0, 0x0,
    0x0, 0x0, 0x0, 0x0, 0x0, 0x0, 0x0, 0x4c,
    0xf4, 0xff, 0xff, 0x98, 0x94, 0xff, 0x78, 0x0,
    0x0, 0x0, 0x0, 0x0, 0x0, 0x0, 0x0, 0x0,
    0x0, 0x68, 0xfd, 0xff, 0xf9, 0xff, 0x98, 0x94,
    0xff, 0x78, 0x0, 0x0, 0x0, 0x0, 0x0, 0x0,
    0x0, 0x0, 0x1, 0x88, 0xff, 0xff, 0xb1, 0x7e,
    0xff, 0x98, 0x94, 0xff, 0x78, 0x0, 0x0, 0x0,
    0x0, 0x0, 0x0, 0x0, 0x7, 0xa7, 0xff, 0xff,
    0x93, 0x3, 0x74, 0xff, 0x98, 0x94, 0xff, 0x78,
    0x0, 0x0, 0x0, 0x0, 0x0, 0x0, 0x11, 0xc1,
    0xff, 0xfe, 0x74, 0x0, 0x0, 0x74, 0xff, 0x98,
    0x94, 0xff, 0x78, 0x0, 0x0, 0x0, 0x0, 0x0,
    0x20, 0xd7, 0xff, 0xf8, 0x55, 0x0, 0x0, 0x0,
    0x74, 0xff, 0x98, 0x94, 0xff, 0x78, 0x0, 0x0,
    0x0, 0x0, 0x34, 0xe8, 0xff, 0xec, 0x3c, 0x0,
    0x0, 0x0, 0x0, 0x74, 0xff, 0x98, 0x94, 0xff,
    0x78, 0x0, 0x0, 0x0, 0x4c, 0xf4, 0xff, 0xde,
    0x25, 0x0, 0x0, 0x0, 0x0, 0x0, 0x74, 0xff,
    0x98, 0x94, 0xff, 0x78, 0x0, 0x0, 0x67, 0xfc,
    0xff, 0xc8, 0x16, 0x0, 0x0, 0x0, 0x0, 0x0,
    0x0, 0x74, 0xff, 0x98, 0x94, 0xff, 0x78, 0x1,
    0x88, 0xff, 0xff, 0xaf, 0x9, 0x0, 0x0, 0x0,
    0x0, 0x0, 0x0, 0x0, 0x74, 0xff, 0x98, 0x94,
    0xff, 0x7f, 0xa6, 0xff, 0xff, 0x91, 0x3, 0x0,
    0x0, 0x0, 0x0, 0x0, 0x0, 0x0, 0x0, 0x74,
    0xff, 0x98, 0x94, 0xff, 0xf7, 0xff, 0xfe, 0x71,
    0x0, 0x0, 0x0, 0x0, 0x0, 0x0, 0x0, 0x0,
    0x0, 0x0, 0x74, 0xff, 0x98, 0x94, 0xff, 0xff,
    0xf7, 0x53, 0x0, 0x0, 0x0, 0x0, 0x0, 0x0,
    0x0, 0x0, 0x0, 0x0, 0x0, 0x74, 0xff, 0x98,
    0x7f, 0xff, 0xf7, 0x5a, 0x20, 0x20, 0x20, 0x20,
    0x20, 0x20, 0x20, 0x20, 0x20, 0x20, 0x20, 0x24,
    0xb9, 0xff, 0x82, 0x23, 0xf7, 0xff, 0xff, 0xff,
    0xff, 0xff, 0xff, 0xff, 0xff, 0xff, 0xff, 0xff,
    0xff, 0xff, 0xff, 0xff, 0xf7, 0x23, 0x0, 0x42,
    0xd3, 0xff, 0xff, 0xff, 0xff, 0xff, 0xff, 0xff,
    0xff, 0xff, 0xff, 0xff, 0xff, 0xff, 0xd4, 0x42,
    0x0,

    /* U+0031 "1" */
    0x0, 0x0, 0x0, 0x0, 0xa4, 0xff, 0xff, 0x8c,
    0x0, 0x0, 0x0, 0x70, 0xff, 0xff, 0xff, 0x8c,
    0x0, 0x0, 0x40, 0xfc, 0xff, 0xe1, 0xff, 0x8c,
    0x0, 0x1d, 0xea, 0xff, 0xa2, 0x88, 0xff, 0x8c,
    0x7, 0xca, 0xff, 0xd0, 0x9, 0x88, 0xff, 0x8c,
    0x91, 0xf4, 0xe6, 0x22, 0x0, 0x88, 0xff, 0x8c,
    0x0, 0x0, 0x0, 0x0, 0x0, 0x88, 0xff, 0x8c,
    0x0, 0x0, 0x0, 0x0, 0x0, 0x88, 0xff, 0x8c,
    0x0, 0x0, 0x0, 0x0, 0x0, 0x88, 0xff, 0x8c,
    0x0, 0x0, 0x0, 0x0, 0x0, 0x88, 0xff, 0x8c,
    0x0, 0x0, 0x0, 0x0, 0x0, 0x88, 0xff, 0x8c,
    0x0, 0x0, 0x0, 0x0, 0x0, 0x88, 0xff, 0x8c,
    0x0, 0x0, 0x0, 0x0, 0x0, 0x88, 0xff, 0x8c,
    0x0, 0x0, 0x0, 0x0, 0x0, 0x88, 0xff, 0x8c,
    0x0, 0x0, 0x0, 0x0, 0x0, 0x88, 0xff, 0x8c,
    0x0, 0x0, 0x0, 0x0, 0x0, 0x88, 0xff, 0x8c,
    0x0, 0x0, 0x0, 0x0, 0x0, 0x88, 0xff, 0x8c,
    0x0, 0x0, 0x0, 0x0, 0x0, 0x88, 0xff, 0x8c,
    0x0, 0x0, 0x0, 0x0, 0x0, 0x88, 0xff, 0x8c,

    /* U+0032 "2" */
    0x0, 0x43, 0xd4, 0xff, 0xff, 0xff, 0xff, 0xff,
    0xff, 0xff, 0xff, 0xff, 0xff, 0xff, 0xff, 0xff,
    0xd4, 0x42, 0x0, 0x23, 0xf7, 0xff, 0xff, 0xff,
    0xff, 0xff, 0xff, 0xff, 0xff, 0xff, 0xff, 0xff,
    0xff, 0xff, 0xff, 0xff, 0xf7, 0x23, 0x7e, 0xff,
    0xc1, 0x29, 0x24, 0x24, 0x24, 0x24, 0x24, 0x24,
    0x24, 0x24, 0x24, 0x24, 0x24, 0x28, 0xbf, 0xff,
    0x7f, 0x8f, 0xf8, 0x74, 0x0, 0x0, 0x0, 0x0,
    0x0, 0x0, 0x0, 0x0, 0x0, 0x0, 0x0, 0x0,
    0x0, 0x74, 0xff, 0x97, 0x0, 0x0, 0x0, 0x0,
    0x0, 0x0, 0x0, 0x0, 0x0, 0x0, 0x0, 0x0,
    0x0, 0x0, 0x0, 0x0, 0x74, 0xff, 0x98, 0x0,
    0x0, 0x0, 0x0, 0x0, 0x0, 0x0, 0x0, 0x0,
    0x0, 0x0, 0x0, 0x0, 0x0, 0x0, 0x0, 0x74,
    0xff, 0x98, 0x0, 0x0, 0x0, 0x0, 0x0, 0x0,
    0x0, 0x0, 0x0, 0x0, 0x0, 0x0, 0x0, 0x0,
    0x0, 0x0, 0x74, 0xff, 0x98, 0x0, 0x0, 0x0,
    0x0, 0x0, 0x0, 0x0, 0x0, 0x0, 0x0, 0x0,
    0x0, 0x0, 0x0, 0x0, 0x0, 0x74, 0xff, 0x98,
    0x0, 0x0, 0x5, 0x1f, 0x20, 0x20, 0x20, 0x20,
    0x20, 0x20, 0x20, 0x20, 0x20, 0x20, 0x20, 0x24,
    0xbb, 0xff, 0x80, 0x0, 0x63, 0xf1, 0xff, 0xff,
    0xff, 0xff, 0xff, 0xff, 0xff, 0xff, 0xff, 0xff,
    0xff, 0xff, 0xff, 0xff, 0xf5, 0x22, 0x36, 0xfe,
    0xff, 0xff, 0xff, 0xff, 0xff, 0xff, 0xff, 0xff,
    0xff, 0xff, 0xff, 0xff, 0xff, 0xff, 0xd2, 0x3f,
    0x0, 0x88, 0xff, 0xaa, 0x4, 0x0, 0x0, 0x0,
    0x0, 0x0, 0x0, 0x0, 0x0, 0x0, 0x0, 0x0,
    0x0, 0x0, 0x0, 0x0, 0x94, 0xff, 0x78, 0x0,
    0x0, 0x0, 0x0, 0x0, 0x0, 0x0, 0x0, 0x0,
    0x0, 0x0, 0x0, 0x0, 0x0, 0x0, 0x0, 0x94,
    0xff, 0x78, 0x0, 0x0, 0x0, 0x0, 0x0, 0x0,
    0x0, 0x0, 0x0, 0x0, 0x0, 0x0, 0x0, 0x0,
    0x0, 0x0, 0x94, 0xff, 0x78, 0x0, 0x0, 0x0,
    0x0, 0x0, 0x0, 0x0, 0x0, 0x0, 0x0, 0x0,
    0x0, 0x0, 0x0, 0x0, 0x0, 0x94, 0xff, 0x78,
    0x0, 0x0, 0x0, 0x0, 0x0, 0x0, 0x0, 0x0,
    0x0, 0x0, 0x0, 0x0, 0x0, 0x0, 0x0, 0x0,
    0x94, 0xff, 0xbc, 0x25, 0x20, 0x20, 0x20, 0x20,
    0x20, 0x20, 0x20, 0x20, 0x20, 0x20, 0x20, 0x20,
    0x20, 0x20, 0x13, 0x94, 0xff, 0xff, 0xff, 0xff,
    0xff, 0xff, 0xff, 0xff, 0xff, 0xff, 0xff, 0xff,
    0xff, 0xff, 0xff, 0xff, 0xff, 0x98, 0x94, 0xff,
    0xff, 0xff, 0xff, 0xff, 0xff, 0xff, 0xff, 0xff,
    0xff, 0xff, 0xff, 0xff, 0xff, 0xff, 0xff, 0xff,
    0x98,

    /* U+0033 "3" */
    0x0, 0x50, 0xda, 0xff, 0xff, 0xff, 0xff, 0xff,
    0xff, 0xff, 0xff, 0xff, 0xff, 0xff, 0xff, 0xe0,
    0x5e, 0x0, 0x0, 0x38, 0xfd, 0xff, 0xff, 0xff,
    0xff, 0xff, 0xff, 0xff, 0xff, 0xff, 0xff, 0xff,
    0xff, 0xff, 0xff, 0xff, 0x45, 0x0, 0x98, 0xff,
    0xb0, 0x26, 0x24, 0x24, 0x24, 0x24, 0x24, 0x24,
    0x24, 0x24, 0x24, 0x24, 0x25, 0xa3, 0xff, 0xa5,
    0x0, 0x8c, 0xd0, 0x55, 0x0, 0x0, 0x0, 0x0,
    0x0, 0x0, 0x0, 0x0, 0x0, 0x0, 0x0, 0x0,
    0x54, 0xff, 0xb8, 0x0, 0x0, 0x0, 0x0, 0x0,
    0x0, 0x0, 0x0, 0x0, 0x0, 0x0, 0x0, 0x0,
    0x0, 0x0, 0x0, 0x54, 0xff, 0xb8, 0x0, 0x0,
    0x0, 0x0, 0x0, 0x0, 0x0, 0x0, 0x0, 0x0,
    0x0, 0x0, 0x0, 0x0, 0x0, 0x0, 0x54, 0xff,
    0xb8, 0x0, 0x0, 0x0, 0x0, 0x0, 0x0, 0x0,
    0x0, 0x0, 0x0, 0x0, 0x0, 0x0, 0x0, 0x0,
    0x0, 0x54, 0xff, 0xb8, 0x0, 0x0, 0x0, 0x0,
    0x0, 0x0, 0x0, 0x0, 0x0, 0x0, 0x0, 0x0,
    0x0, 0x0, 0x0, 0x1, 0x8a, 0xff, 0xa7, 0x0,
    0x0, 0x0, 0x0, 0x38, 0xff, 0xff, 0xff, 0xff,
    0xff, 0xff, 0xff, 0xff, 0xff, 0xff, 0xff, 0xff,
    0xff, 0x9e, 0x0, 0x0, 0x0, 0x0, 0x38, 0xff,
    0xff, 0xff, 0xff, 0xff, 0xff, 0xff, 0xff, 0xff,
    0xff, 0xff, 0xff, 0xff, 0xff, 0x2d, 0x0, 0x0,
    0x0, 0x7, 0x20, 0x20, 0x20, 0x20, 0x20, 0x20,
    0x20, 0x20, 0x20, 0x20, 0x20, 0x26, 0xca, 0xff,
    0x73, 0x0, 0x0, 0x0, 0x0, 0x0, 0x0, 0x0,
    0x0, 0x0, 0x0, 0x0, 0x0, 0x0, 0x0, 0x0,
    0x0, 0x88, 0xff, 0x87, 0x0, 0x0, 0x0, 0x0,
    0x0, 0x0, 0x0, 0x0, 0x0, 0x0, 0x0, 0x0,
    0x0, 0x0, 0x0, 0x0, 0x88, 0xff, 0x88, 0x0,
    0x0, 0x0, 0x0, 0x0, 0x0, 0x0, 0x0, 0x0,
    0x0, 0x0, 0x0, 0x0, 0x0, 0x0, 0x0, 0x88,
    0xff, 0x88, 0x0, 0x0, 0x0, 0x0, 0x0, 0x0,
    0x0, 0x0, 0x0, 0x0, 0x0, 0x0, 0x0, 0x0,
    0x0, 0x0, 0x88, 0xff, 0x88, 0x6e, 0xa4, 0x43,
    0x0, 0x0, 0x0, 0x0, 0x0, 0x0, 0x0, 0x0,
    0x0, 0x0, 0x0, 0x0, 0x0, 0x88, 0xff, 0x87,
    0x94, 0xff, 0xb2, 0x23, 0x20, 0x20, 0x20, 0x20,
    0x20, 0x20, 0x20, 0x20, 0x20, 0x20, 0x20, 0x26,
    0xca, 0xff, 0x6e, 0x31, 0xfb, 0xff, 0xff, 0xff,
    0xff, 0xff, 0xff, 0xff, 0xff, 0xff, 0xff, 0xff,
    0xff, 0xff, 0xff, 0xff, 0xee, 0x15, 0x0, 0x4c,
    0xd9, 0xff, 0xff, 0xff, 0xff, 0xff, 0xff, 0xff,
    0xff, 0xff, 0xff, 0xff, 0xff, 0xfd, 0xcb, 0x35,
    0x0,

    /* U+0034 "4" */
    0x0, 0x0, 0x0, 0x0, 0x0, 0x0, 0x0, 0x0,
    0x0, 0x0, 0x0, 0x2c, 0xe7, 0xff, 0xc0, 0x0,
    0x0, 0x0, 0x0, 0x0, 0x0, 0x0, 0x0, 0x0,
    0x0, 0x0, 0x0, 0x0, 0x32, 0xec, 0xff, 0xff,
    0xc0, 0x0, 0x0, 0x0, 0x0, 0x0, 0x0, 0x0,
    0x0, 0x0, 0x0, 0x0, 0x0, 0x39, 0xf1, 0xff,
    0xff, 0xff, 0xc0, 0x0, 0x0, 0x0, 0x0, 0x0,
    0x0, 0x0, 0x0, 0x0, 0x0, 0x0, 0x43, 0xf5,
    0xff, 0xe7, 0x7b, 0xff, 0xc0, 0x0, 0x0, 0x0,
    0x0, 0x0, 0x0, 0x0, 0x0, 0x0, 0x0, 0x4b,
    0xf8, 0xff, 0xdd, 0x22, 0x4c, 0xff, 0xc0, 0x0,
    0x0, 0x0, 0x0, 0x0, 0x0, 0x0, 0x0, 0x0,
    0x55, 0xfa, 0xff, 0xcf, 0x16, 0x0, 0x4c, 0xff,
    0xc0, 0x0, 0x0, 0x0, 0x0, 0x0, 0x0, 0x0,
    0x0, 0x5f, 0xfd, 0xff, 0xbe, 0xe, 0x0, 0x0,
    0x4c, 0xff, 0xc0, 0x0, 0x0, 0x0, 0x0, 0x0,
    0x0, 0x0, 0x6a, 0xfe, 0xff, 0xad, 0x8, 0x0,
    0x0, 0x0, 0x4c, 0xff, 0xc0, 0x0, 0x0, 0x0,
    0x0, 0x0, 0x0, 0x75, 0xff, 0xff, 0x9a, 0x3,
    0x0, 0x0, 0x0, 0x0, 0x4c, 0xff, 0xc0, 0x0,
    0x0, 0x0, 0x0, 0x0, 0x80, 0xff, 0xff, 0x84,
    0x1, 0x0, 0x0, 0x0, 0x0, 0x0, 0x4c, 0xff,
    0xc0, 0x0, 0x0, 0x0, 0x1, 0x8c, 0xff, 0xfe,
    0x70, 0x0, 0x0, 0x0, 0x0, 0x0, 0x0, 0x0,
    0x4c, 0xff, 0xc0, 0x0, 0x0, 0x0, 0x8f, 0xff,
    0xfa, 0x5a, 0x0, 0x0, 0x0, 0x0, 0x0, 0x0,
    0x0, 0x0, 0x4c, 0xff, 0xc0, 0x0, 0x0, 0x0,
    0xd8, 0xff, 0xff, 0xff, 0xff, 0xff, 0xff, 0xff,
    0xff, 0xff, 0xff, 0xff, 0xff, 0xff, 0xff, 0xff,
    0xff, 0x8c, 0xd8, 0xff, 0xff, 0xff, 0xff, 0xff,
    0xff, 0xff, 0xff, 0xff, 0xff, 0xff, 0xff, 0xff,
    0xff, 0xff, 0xff, 0x8c, 0x1b, 0x20, 0x20, 0x20,
    0x20, 0x20, 0x20, 0x20, 0x20, 0x20, 0x20, 0x20,
    0x63, 0xff, 0xc8, 0x20, 0x20, 0x12, 0x0, 0x0,
    0x0, 0x0, 0x0, 0x0, 0x0, 0x0, 0x0, 0x0,
    0x0, 0x0, 0x4c, 0xff, 0xc0, 0x0, 0x0, 0x0,
    0x0, 0x0, 0x0, 0x0, 0x0, 0x0, 0x0, 0x0,
    0x0, 0x0, 0x0, 0x0, 0x4c, 0xff, 0xc0, 0x0,
    0x0, 0x0, 0x0, 0x0, 0x0, 0x0, 0x0, 0x0,
    0x0, 0x0, 0x0, 0x0, 0x0, 0x0, 0x4c, 0xff,
    0xc0, 0x0, 0x0, 0x0, 0x0, 0x0, 0x0, 0x0,
    0x0, 0x0, 0x0, 0x0, 0x0, 0x0, 0x0, 0x0,
    0x4c, 0xff, 0xc0, 0x0, 0x0, 0x0,

    /* U+0035 "5" */
    0x94, 0xff, 0xff, 0xff, 0xff, 0xff, 0xff, 0xff,
    0xff, 0xff, 0xff, 0xff, 0xff, 0xff, 0xff, 0xff,
    0xff, 0xff, 0x98, 0x94, 0xff, 0xff, 0xff, 0xff,
    0xff, 0xff, 0xff, 0xff, 0xff, 0xff, 0xff, 0xff,
    0xff, 0xff, 0xff, 0xff, 0xff, 0x98, 0x94, 0xff,
    0xbf, 0x29, 0x24, 0x24, 0x24, 0x24, 0x24, 0x24,
    0x24, 0x24, 0x24, 0x24, 0x24, 0x24, 0x24, 0x24,
    0x15, 0x94, 0xff, 0x78, 0x0, 0x0, 0x0, 0x0,
    0x0, 0x0, 0x0, 0x0, 0x0, 0x0, 0x0, 0x0,
    0x0, 0x0, 0x0, 0x0, 0x94, 0xff, 0x78, 0x0,
    0x0, 0x0, 0x0, 0x0, 0x0, 0x0, 0x0, 0x0,
    0x0, 0x0, 0x0, 0x0, 0x0, 0x0, 0x0, 0x94,
    0xff, 0x78, 0x0, 0x0, 0x0, 0x0, 0x0, 0x0,
    0x0, 0x0, 0x0, 0x0, 0x0, 0x0, 0x0, 0x0,
    0x0, 0x0, 0x94, 0xff, 0x78, 0x0, 0x0, 0x0,
    0x0, 0x0, 0x0, 0x0, 0x0, 0x0, 0x0, 0x0,
    0x0, 0x0, 0x0, 0x0, 0x0, 0x94, 0xff, 0xae,
    0x5, 0x0, 0x0, 0x0, 0x0, 0x0, 0x0, 0x0,
    0x0, 0x0, 0x0, 0x0, 0x0, 0x0, 0x0, 0x0,
    0x94, 0xff, 0xff, 0xff, 0xff, 0xff, 0xff, 0xff,
    0xff, 0xff, 0xff, 0xff, 0xff, 0xff, 0xff, 0xff,
    0xd4, 0x43, 0x0, 0x94, 0xff, 0xff, 0xff, 0xff,
    0xff, 0xff, 0xff, 0xff, 0xff, 0xff, 0xff, 0xff,
    0xff, 0xff, 0xff, 0xff, 0xf7, 0x24, 0x13, 0x20,
    0x20, 0x20, 0x20, 0x20, 0x20, 0x20, 0x20, 0x20,
    0x20, 0x20, 0x20, 0x20, 0x20, 0x24, 0xbb, 0xff,
    0x81, 0x0, 0x0, 0x0, 0x0, 0x0, 0x0, 0x0,
    0x0, 0x0, 0x0, 0x0, 0x0, 0x0, 0x0, 0x0,
    0x0, 0x74, 0xff, 0x98, 0x0, 0x0, 0x0, 0x0,
    0x0, 0x0, 0x0, 0x0, 0x0, 0x0, 0x0, 0x0,
    0x0, 0x0, 0x0, 0x0, 0x74, 0xff, 0x98, 0x0,
    0x0, 0x0, 0x0, 0x0, 0x0, 0x0, 0x0, 0x0,
    0x0, 0x0, 0x0, 0x0, 0x0, 0x0, 0x0, 0x74,
    0xff, 0x98, 0x0, 0x0, 0x0, 0x0, 0x0, 0x0,
    0x0, 0x0, 0x0, 0x0, 0x0, 0x0, 0x0, 0x0,
    0x0, 0x0, 0x74, 0xff, 0x98, 0x8f, 0xf8, 0x74,
    0x0, 0x0, 0x0, 0x0, 0x0, 0x0, 0x0, 0x0,
    0x0, 0x0, 0x0, 0x0, 0x0, 0x74, 0xff, 0x98,
    0x7e, 0xff, 0xbf, 0x25, 0x20, 0x20, 0x20, 0x20,
    0x20, 0x20, 0x20, 0x20, 0x20, 0x20, 0x20, 0x24,
    0xbb, 0xff, 0x80, 0x22, 0xf7, 0xff, 0xff, 0xff,
    0xff, 0xff, 0xff, 0xff, 0xff, 0xff, 0xff, 0xff,
    0xff, 0xff, 0xff, 0xff, 0xf5, 0x22, 0x0, 0x42,
    0xd3, 0xff, 0xff, 0xff, 0xff, 0xff, 0xff, 0xff,
    0xff, 0xff, 0xff, 0xff, 0xff, 0xff, 0xd2, 0x3f,
    0x0,

    /* U+0036 "6" */
    0x0, 0x43, 0xd4, 0xff, 0xff, 0xff, 0xff, 0xff,
    0xff, 0xff, 0xff, 0xff, 0xff, 0xff, 0xff, 0x74,
    0x0, 0x0, 0x0, 0x24, 0xf8, 0xff, 0xff, 0xff,
    0xff, 0xff, 0xff, 0xff, 0xff, 0xff, 0xff, 0xff,
    0xff, 0xff, 0x74, 0x0, 0x0, 0x0, 0x7f, 0xff,
    0xbf, 0x29, 0x24, 0x24, 0x24, 0x24, 0x24, 0x24,
    0x24, 0x24, 0x24, 0x24, 0x24, 0x10, 0x0, 0x0,
    0x0, 0x94, 0xff, 0x78, 0x0, 0x0, 0x0, 0x0,
    0x0, 0x0, 0x0, 0x0, 0x0, 0x0, 0x0, 0x0,
    0x0, 0x0, 0x0, 0x0, 0x94, 0xff, 0x78, 0x0,
    0x0, 0x0, 0x0, 0x0, 0x0, 0x0, 0x0, 0x0,
    0x0, 0x0, 0x0, 0x0, 0x0, 0x0, 0x0, 0x94,
    0xff, 0x78, 0x0, 0x0, 0x0, 0x0, 0x0, 0x0,
    0x0, 0x0, 0x0, 0x0, 0x0, 0x0, 0x0, 0x0,
    0x0, 0x0, 0x94, 0xff, 0x78, 0x0, 0x0, 0x0,
    0x0, 0x0, 0x0, 0x0, 0x0, 0x0, 0x0, 0x0,
    0x0, 0x0, 0x0, 0x0, 0x0, 0x94, 0xff, 0xae,
    0x5, 0x0, 0x0, 0x0, 0x0, 0x0, 0x0, 0x0,
    0x0, 0x0, 0x0, 0x0, 0x0, 0x0, 0x0, 0x0,
    0x94, 0xff, 0xff, 0xff, 0xff, 0xff, 0xff, 0xff,
    0xff, 0xff, 0xff, 0xff, 0xff, 0xff, 0xff, 0xff,
    0xd4, 0x46, 0x0, 0x94, 0xff, 0xff, 0xff, 0xff,
    0xff, 0xff, 0xff, 0xff, 0xff, 0xff, 0xff, 0xff,
    0xff, 0xff, 0xff, 0xff, 0xf8, 0x26, 0x94, 0xff,
    0x89, 0x20, 0x20, 0x20, 0x20, 0x20, 0x20, 0x20,
    0x20, 0x20, 0x20, 0x20, 0x20, 0x24, 0xbb, 0xff,
    0x82, 0x94, 0xff, 0x78, 0x0, 0x0, 0x0, 0x0,
    0x0, 0x0, 0x0, 0x0, 0x0, 0x0, 0x0, 0x0,
    0x0, 0x74, 0xff, 0x98, 0x94, 0xff, 0x78, 0x0,
    0x0, 0x0, 0x0, 0x0, 0x0, 0x0, 0x0, 0x0,
    0x0, 0x0, 0x0, 0x0, 0x74, 0xff, 0x98, 0x94,
    0xff, 0x78, 0x0, 0x0, 0x0, 0x0, 0x0, 0x0,
    0x0, 0x0, 0x0, 0x0, 0x0, 0x0, 0x0, 0x74,
    0xff, 0x98, 0x94, 0xff, 0x78, 0x0, 0x0, 0x0,
    0x0, 0x0, 0x0, 0x0, 0x0, 0x0, 0x0, 0x0,
    0x0, 0x0, 0x74, 0xff, 0x98, 0x94, 0xff, 0x78,
    0x0, 0x0, 0x0, 0x0, 0x0, 0x0, 0x0, 0x0,
    0x0, 0x0, 0x0, 0x0, 0x0, 0x74, 0xff, 0x98,
    0x7f, 0xff, 0xbf, 0x25, 0x20, 0x20, 0x20, 0x20,
    0x20, 0x20, 0x20, 0x20, 0x20, 0x20, 0x20, 0x24,
    0xbb, 0xff, 0x80, 0x23, 0xf7, 0xff, 0xff, 0xff,
    0xff, 0xff, 0xff, 0xff, 0xff, 0xff, 0xff, 0xff,
    0xff, 0xff, 0xff, 0xff, 0xf7, 0x23, 0x0, 0x42,
    0xd3, 0xff, 0xff, 0xff, 0xff, 0xff, 0xff, 0xff,
    0xff, 0xff, 0xff, 0xff, 0xff, 0xff, 0xd4, 0x42,
    0x0,

    /* U+0037 "7" */
    0xec, 0xff, 0xff, 0xff, 0xff, 0xff, 0xff, 0xff,
    0xff, 0xff, 0xff, 0xff, 0xf4, 0x99, 0x9, 0x0,
    0xec, 0xff, 0xff, 0xff, 0xff, 0xff, 0xff, 0xff,
    0xff, 0xff, 0xff, 0xff, 0xff, 0xff, 0x9d, 0x0,
    0x21, 0x24, 0x24, 0x24, 0x24, 0x24, 0x24, 0x24,
    0x24, 0x24, 0x24, 0x24, 0x53, 0xff, 0xfa, 0x8,
    0x0, 0x0, 0x0, 0x0, 0x0, 0x0, 0x0, 0x0,
    0x0, 0x0, 0x0, 0x0, 0x0, 0xf4, 0xff, 0x18,
    0x0, 0x0, 0x0, 0x0, 0x0, 0x0, 0x0, 0x0,
    0x0, 0x0, 0x0, 0x0, 0x0, 0xf4, 0xff, 0x18,
    0x0, 0x0, 0x0, 0x0, 0x0, 0x0, 0x0, 0x0,
    0x0, 0x0, 0x0, 0x0, 0x0, 0xf4, 0xff, 0x18,
    0x0, 0x0, 0x0, 0x0, 0x0, 0x0, 0x0, 0x0,
    0x0, 0x0, 0x0, 0x0, 0x0, 0xf4, 0xff, 0x18,
    0x0, 0x0, 0x0, 0x0, 0x0, 0x0, 0x0, 0x0,
    0x0, 0x0, 0x0, 0x0, 0x0, 0xf4, 0xff, 0x18,
    0x0, 0x0, 0x0, 0x0, 0x0, 0x0, 0x0, 0x0,
    0x0, 0x0, 0x0, 0x0, 0x0, 0xf4, 0xff, 0x18,
    0x0, 0x0, 0x0, 0x0, 0x0, 0x0, 0x0, 0x0,
    0x0, 0x0, 0x0, 0x0, 0x0, 0xf4, 0xff, 0x18,
    0x0, 0x0, 0x0, 0x0, 0x0, 0x0, 0x0, 0x0,
    0x0, 0x0, 0x0, 0x0, 0x0, 0xf4, 0xff, 0x18,
    0x0, 0x0, 0x0, 0x0, 0x0, 0x0, 0x0, 0x0,
    0x0, 0x0, 0x0, 0x0, 0x0, 0xf4, 0xff, 0x18,
    0x0, 0x0, 0x0, 0x0, 0x0, 0x0, 0x0, 0x0,
    0x0, 0x0, 0x0, 0x0, 0x0, 0xf4, 0xff, 0x18,
    0x0, 0x0, 0x0, 0x0, 0x0, 0x0, 0x0, 0x0,
    0x0, 0x0, 0x0, 0x0, 0x0, 0xf4, 0xff, 0x18,
    0x0, 0x0, 0x0, 0x0, 0x0, 0x0, 0x0, 0x0,
    0x0, 0x0, 0x0, 0x0, 0x0, 0xf4, 0xff, 0x18,
    0x0, 0x0, 0x0, 0x0, 0x0, 0x0, 0x0, 0x0,
    0x0, 0x0, 0x0, 0x0, 0x0, 0xf4, 0xff, 0x18,
    0x0, 0x0, 0x0, 0x0, 0x0, 0x0, 0x0, 0x0,
    0x0, 0x0, 0x0, 0x0, 0x0, 0xf4, 0xff, 0x18,
    0x0, 0x0, 0x0, 0x0, 0x0, 0x0, 0x0, 0x0,
    0x0, 0x0, 0x0, 0x0, 0x0, 0xf4, 0xff, 0x18,
    0x0, 0x0, 0x0, 0x0, 0x0, 0x0, 0x0, 0x0,
    0x0, 0x0, 0x0, 0x0, 0x0, 0xf4, 0xff, 0x18,

    /* U+0038 "8" */
    0x0, 0x3c, 0xd1, 0xff, 0xff, 0xff, 0xff, 0xff,
    0xff, 0xff, 0xff, 0xff, 0xff, 0xff, 0xff, 0xff,
    0xcb, 0x2d, 0x0, 0x1b, 0xf3, 0xff, 0xff, 0xff,
    0xff, 0xff, 0xff, 0xff, 0xff, 0xff, 0xff, 0xff,
    0xff, 0xff, 0xff, 0xff, 0xeb, 0x19, 0x76, 0xff,
    0xc8, 0x32, 0x2c, 0x2c, 0x2c, 0x2c, 0x2c, 0x2c,
    0x2c, 0x2c, 0x2c, 0x2c, 0x2c, 0x30, 0xc5, 0xff,
    0x84, 0x93, 0xff, 0x79, 0x0, 0x0, 0x0, 0x0,
    0x0, 0x0, 0x0, 0x0, 0x0, 0x0, 0x0, 0x0,
    0x0, 0x75, 0xff, 0x98, 0x94, 0xff, 0x78, 0x0,
    0x0, 0x0, 0x0, 0x0, 0x0, 0x0, 0x0, 0x0,
    0x0, 0x0, 0x0, 0x0, 0x74, 0xff, 0x98, 0x94,
    0xff, 0x78, 0x0, 0x0, 0x0, 0x0, 0x0, 0x0,
    0x0, 0x0, 0x0, 0x0, 0x0, 0x0, 0x0, 0x74,
    0xff, 0x98, 0x94, 0xff, 0x78, 0x0, 0x0, 0x0,
    0x0, 0x0, 0x0, 0x0, 0x0, 0x0, 0x0, 0x0,
    0x0, 0x0, 0x74, 0xff, 0x98, 0x91, 0xff, 0x78,
    0x0, 0x0, 0x0, 0x0, 0x0, 0x0, 0x0, 0x0,
    0x0, 0x0, 0x0, 0x0, 0x0, 0x74, 0xff, 0x95,
    0x68, 0xff, 0xb0, 0x5, 0x0, 0x0, 0x0, 0x0,
    0x0, 0x0, 0x0, 0x0, 0x0, 0x0, 0x0, 0x4,
    0xae, 0xff, 0x6d, 0xf, 0xf4, 0xff, 0xff, 0xff,
    0xff, 0xff, 0xff, 0xff, 0xff, 0xff, 0xff, 0xff,
    0xff, 0xff, 0xff, 0xff, 0xf6, 0x12, 0x3d, 0xff,
    0xff, 0xdc, 0xd8, 0xd8, 0xd8, 0xd8, 0xd8, 0xd8,
    0xd8, 0xd8, 0xd8, 0xd8, 0xd8, 0xdb, 0xff, 0xff,
    0x45, 0x8a, 0xff, 0x94, 0x0, 0x0, 0x0, 0x0,
    0x0, 0x0, 0x0, 0x0, 0x0, 0x0, 0x0, 0x0,
    0x0, 0x8f, 0xff, 0x90, 0x94, 0xff, 0x78, 0x0,
    0x0, 0x0, 0x0, 0x0, 0x0, 0x0, 0x0, 0x0,
    0x0, 0x0, 0x0, 0x0, 0x74, 0xff, 0x98, 0x94,
    0xff, 0x78, 0x0, 0x0, 0x0, 0x0, 0x0, 0x0,
    0x0, 0x0, 0x0, 0x0, 0x0, 0x0, 0x0, 0x74,
    0xff, 0x98, 0x94, 0xff, 0x78, 0x0, 0x0, 0x0,
    0x0, 0x0, 0x0, 0x0, 0x0, 0x0, 0x0, 0x0,
    0x0, 0x0, 0x74, 0xff, 0x98, 0x94, 0xff, 0x78,
    0x0, 0x0, 0x0, 0x0, 0x0, 0x0, 0x0, 0x0,
    0x0, 0x0, 0x0, 0x0, 0x0, 0x74, 0xff, 0x98,
    0x86, 0xff, 0xb8, 0x24, 0x20, 0x20, 0x20, 0x20,
    0x20, 0x20, 0x20, 0x20, 0x20, 0x20, 0x20, 0x23,
    0xb7, 0xff, 0x87, 0x2d, 0xfa, 0xff, 0xff, 0xff,
    0xff, 0xff, 0xff, 0xff, 0xff, 0xff, 0xff, 0xff,
    0xff, 0xff, 0xff, 0xff, 0xfa, 0x2e, 0x0, 0x48,
    0xd6, 0xff, 0xff, 0xff, 0xff, 0xff, 0xff, 0xff,
    0xff, 0xff, 0xff, 0xff, 0xff, 0xff, 0xd7, 0x48,
    0x0,

    /* U+0039 "9" */
    0x0, 0x55, 0xde, 0xff, 0xff, 0xff, 0xff, 0xff,
    0xff, 0xff, 0xff, 0xff, 0xff, 0xff, 0xff, 0xfd,
    0xc9, 0x30, 0x0, 0x3c, 0xfe, 0xff, 0xff, 0xff,
    0xff, 0xff, 0xff, 0xff, 0xff, 0xff, 0xff, 0xff,
    0xff, 0xff, 0xff, 0xff, 0xeb, 0x12, 0xa0, 0xff,
    0xa8, 0x26, 0x24, 0x24, 0x24, 0x24, 0x24, 0x24,
    0x24, 0x24, 0x24, 0x24, 0x24, 0x2c, 0xd4, 0xff,
    0x62, 0xb8, 0xff, 0x58, 0x0, 0x0, 0x0, 0x0,
    0x0, 0x0, 0x0, 0x0, 0x0, 0x0, 0x0, 0x0,
    0x0, 0x95, 0xff, 0x78, 0xb8, 0xff, 0x58, 0x0,
    0x0, 0x0, 0x0, 0x0, 0x0, 0x0, 0x0, 0x0,
    0x0, 0x0, 0x0, 0x0, 0x94, 0xff, 0x78, 0xb8,
    0xff, 0x58, 0x0, 0x0, 0x0, 0x0, 0x0, 0x0,
    0x0, 0x0, 0x0, 0x0, 0x0, 0x0, 0x0, 0x94,
    0xff, 0x78, 0xb8, 0xff, 0x58, 0x0, 0x0, 0x0,
    0x0, 0x0, 0x0, 0x0, 0x0, 0x0, 0x0, 0x0,
    0x0, 0x0, 0x94, 0xff, 0x78, 0xb8, 0xff, 0x58,
    0x0, 0x0, 0x0, 0x0, 0x0, 0x0, 0x0, 0x0,
    0x0, 0x0, 0x0, 0x0, 0x0, 0x94, 0xff, 0x78,
    0xa7, 0xff, 0x91, 0x2, 0x0, 0x0, 0x0, 0x0,
    0x0, 0x0, 0x0, 0x0, 0x0, 0x0, 0x0, 0x0,
    0x94, 0xff, 0x78, 0x4c, 0xff, 0xff, 0xff, 0xff,
    0xff, 0xff, 0xff, 0xff, 0xff, 0xff, 0xff, 0xff,
    0xff, 0xff, 0xff, 0xff, 0xff, 0x78, 0x0, 0x74,
    0xf6, 0xff, 0xff, 0xff, 0xff, 0xff, 0xff, 0xff,
    0xff, 0xff, 0xff, 0xff, 0xff, 0xff, 0xff, 0xff,
    0x78, 0x0, 0x0, 0x9, 0x1f, 0x20, 0x20, 0x20,
    0x20, 0x20, 0x20, 0x20, 0x20, 0x20, 0x20, 0x20,
    0x28, 0xd0, 0xff, 0x78, 0x0, 0x0, 0x0, 0x0,
    0x0, 0x0, 0x0, 0x0, 0x0, 0x0, 0x0, 0x0,
    0x0, 0x0, 0x0, 0x0, 0x94, 0xff, 0x78, 0x0,
    0x0, 0x0, 0x0, 0x0, 0x0, 0x0, 0x0, 0x0,
    0x0, 0x0, 0x0, 0x0, 0x0, 0x0, 0x0, 0x94,
    0xff, 0x78, 0x0, 0x0, 0x0, 0x0, 0x0, 0x0,
    0x0, 0x0, 0x0, 0x0, 0x0, 0x0, 0x0, 0x0,
    0x0, 0x0, 0x94, 0xff, 0x78, 0x0, 0x0, 0x0,
    0x0, 0x0, 0x0, 0x0, 0x0, 0x0, 0x0, 0x0,
    0x0, 0x0, 0x0, 0x0, 0x0, 0x94, 0xff, 0x78,
    0x11, 0x20, 0x20, 0x20, 0x20, 0x20, 0x20, 0x20,
    0x20, 0x20, 0x20, 0x20, 0x20, 0x20, 0x20, 0x28,
    0xd0, 0xff, 0x62, 0x3d, 0xfe, 0xff, 0xff, 0xff,
    0xff, 0xff, 0xff, 0xff, 0xff, 0xff, 0xff, 0xff,
    0xff, 0xff, 0xff, 0xff, 0xea, 0x11, 0x0, 0x57,
    0xde, 0xff, 0xff, 0xff, 0xff, 0xff, 0xff, 0xff,
    0xff, 0xff, 0xff, 0xff, 0xff, 0xfd, 0xc8, 0x2e,
    0x0,

    /* U+003A ":" */
    0xa8, 0xff, 0x68, 0xa8, 0xff, 0x68, 0x12, 0x1c,
    0xb, 0x0, 0x0, 0x0, 0x0, 0x0, 0x0, 0x0,
    0x0, 0x0, 0x0, 0x0, 0x0, 0x0, 0x0, 0x0,
    0x0, 0x0, 0x0, 0x0, 0x0, 0x0, 0x0, 0x0,
    0x0, 0x0, 0x0, 0x0, 0x15, 0x20, 0xd, 0xa8,
    0xff, 0x68, 0xa8, 0xff, 0x68,

    /* U+003B ";" */
    0xb8, 0xff, 0x54, 0xb8, 0xff, 0x54, 0x14, 0x1c,
    0x9, 0x0, 0x0, 0x0, 0x0, 0x0, 0x0, 0x0,
    0x0, 0x0, 0x0, 0x0, 0x0, 0x0, 0x0, 0x0,
    0x0, 0x0, 0x0, 0x0, 0x0, 0x0, 0x0, 0x0,
    0x0, 0x0, 0x0, 0x0, 0x0, 0x0, 0x0, 0xa4,
    0xe4, 0x4b, 0xb8, 0xff, 0x54, 0xb8, 0xff, 0x53,
    0xb8, 0xff, 0x32, 0xb8, 0xb5, 0x0, 0x53, 0x9,
    0x0,

    /* U+003C "<" */
    0x0, 0x0, 0x0, 0x0, 0x0, 0x0, 0x0, 0x0,
    0x8, 0x7d, 0x25, 0x0, 0x0, 0x0, 0x0, 0x0,
    0x0, 0x0, 0x4d, 0xde, 0xff, 0x2c, 0x0, 0x0,
    0x0, 0x0, 0x0, 0x25, 0xb6, 0xff, 0xff, 0xe8,
    0x1b, 0x0, 0x0, 0x0, 0xb, 0x85, 0xf9, 0xff,
    0xfc, 0x91, 0xf, 0x0, 0x0, 0x0, 0x55, 0xe3,
    0xff, 0xff, 0xc1, 0x2d, 0x0, 0x0, 0x0, 0x2b,
    0xbd, 0xff, 0xff, 0xe7, 0x5b, 0x1, 0x0, 0x0,
    0x0, 0x0, 0xdf, 0xff, 0xfb, 0x8d, 0xd, 0x0,
    0x0, 0x0, 0x0, 0x0, 0x0, 0xe0, 0xff, 0x9d,
    0x6, 0x0, 0x0, 0x0, 0x0, 0x0, 0x0, 0x0,
    0xbd, 0xff, 0xff, 0xd8, 0x44, 0x0, 0x0, 0x0,
    0x0, 0x0, 0x0, 0x3, 0x6a, 0xef, 0xff, 0xff,
    0xab, 0x1d, 0x0, 0x0, 0x0, 0x0, 0x0, 0x0,
    0x15, 0x9d, 0xfe, 0xff, 0xf5, 0x78, 0x6, 0x0,
    0x0, 0x0, 0x0, 0x0, 0x0, 0x37, 0xcc, 0xff,
    0xff, 0xda, 0x46, 0x0, 0x0, 0x0, 0x0, 0x0,
    0x0, 0x2, 0x67, 0xec, 0xff, 0xff, 0x29, 0x0,
    0x0, 0x0, 0x0, 0x0, 0x0, 0x0, 0x13, 0x98,
    0xfe, 0x2c, 0x0, 0x0, 0x0, 0x0, 0x0, 0x0,
    0x0, 0x0, 0x0, 0x34, 0x18,

    /* U+003D "=" */
    0x11, 0x20, 0x20, 0x20, 0x20, 0x20, 0x20, 0x20,
    0x20, 0x20, 0x20, 0x20, 0x20, 0xd, 0x88, 0xff,
    0xff, 0xff, 0xff, 0xff, 0xff, 0xff, 0xff, 0xff,
    0xff, 0xff, 0xff, 0x68, 0x88, 0xff, 0xff, 0xff,
    0xff, 0xff, 0xff, 0xff, 0xff, 0xff, 0xff, 0xff,
    0xff, 0x68, 0x0, 0x0, 0x0, 0x0, 0x0, 0x0,
    0x0, 0x0, 0x0, 0x0, 0x0, 0x0, 0x0, 0x0,
    0x0, 0x0, 0x0, 0x0, 0x0, 0x0, 0x0, 0x0,
    0x0, 0x0, 0x0, 0x0, 0x0, 0x0, 0x11, 0x20,
    0x20, 0x20, 0x20, 0x20, 0x20, 0x20, 0x20, 0x20,
    0x20, 0x20, 0x20, 0xd, 0x88, 0xff, 0xff, 0xff,
    0xff, 0xff, 0xff, 0xff, 0xff, 0xff, 0xff, 0xff,
    0xff, 0x68, 0x88, 0xff, 0xff, 0xff, 0xff, 0xff,
    0xff, 0xff, 0xff, 0xff, 0xff, 0xff, 0xff, 0x68,

    /* U+003E ">" */
    0x5e, 0x3c, 0x0, 0x0, 0x0, 0x0, 0x0, 0x0,
    0x0, 0x0, 0x0, 0x88, 0xff, 0xa3, 0x19, 0x0,
    0x0, 0x0, 0x0, 0x0, 0x0, 0x0, 0x69, 0xff,
    0xff, 0xf3, 0x74, 0x5, 0x0, 0x0, 0x0, 0x0,
    0x0, 0x0, 0x3b, 0xd0, 0xff, 0xff, 0xd8, 0x44,
    0x0, 0x0, 0x0, 0x0, 0x0, 0x0, 0x3, 0x6c,
    0xef, 0xff, 0xff, 0xac, 0x1e, 0x0, 0x0, 0x0,
    0x0, 0x0, 0x0, 0x16, 0x9e, 0xfe, 0xff, 0xf6,
    0x7c, 0x7, 0x0, 0x0, 0x0, 0x0, 0x0, 0x0,
    0x39, 0xce, 0xff, 0xff, 0x85, 0x0, 0x0, 0x0,
    0x0, 0x0, 0x0, 0x0, 0x1a, 0xdf, 0xff, 0x88,
    0x0, 0x0, 0x0, 0x0, 0x0, 0x4, 0x6e, 0xf1,
    0xff, 0xff, 0x6d, 0x0, 0x0, 0x0, 0x0, 0x3c,
    0xd1, 0xff, 0xff, 0xd5, 0x42, 0x0, 0x0, 0x0,
    0x17, 0xa2, 0xff, 0xff, 0xf3, 0x73, 0x5, 0x0,
    0x0, 0x4, 0x6e, 0xf1, 0xff, 0xff, 0xa3, 0x19,
    0x0, 0x0, 0x0, 0x0, 0x81, 0xff, 0xff, 0xd1,
    0x3d, 0x0, 0x0, 0x0, 0x0, 0x0, 0x0, 0x88,
    0xf0, 0x6e, 0x4, 0x0, 0x0, 0x0, 0x0, 0x0,
    0x0, 0x0, 0x42, 0x16, 0x0, 0x0, 0x0, 0x0,
    0x0, 0x0, 0x0, 0x0, 0x0,

    /* U+003F "?" */
    0x38, 0xff, 0xff, 0xff, 0xff, 0xff, 0xff, 0xff,
    0xff, 0xff, 0xff, 0xff, 0xff, 0xff, 0xde, 0x50,
    0x0, 0x38, 0xff, 0xff, 0xff, 0xff, 0xff, 0xff,
    0xff, 0xff, 0xff, 0xff, 0xff, 0xff, 0xff, 0xff,
    0xfc, 0x36, 0x8, 0x24, 0x24, 0x24, 0x24, 0x24,
    0x24, 0x24, 0x24, 0x24, 0x24, 0x24, 0x24, 0x26,
    0xa8, 0xff, 0x9c, 0x0, 0x0, 0x0, 0x0, 0x0,
    0x0, 0x0, 0x0, 0x0, 0x0, 0x0, 0x0, 0x0,
    0x0, 0x55, 0xff, 0xb7, 0x0, 0x0, 0x0, 0x0,
    0x0, 0x0, 0x0, 0x0, 0x0, 0x0, 0x0, 0x0,
    0x0, 0x0, 0x54, 0xff, 0xb8, 0x0, 0x0, 0x0,
    0x0, 0x0, 0x0, 0x0, 0x0, 0x0, 0x0, 0x0,
    0x0, 0x0, 0x0, 0x54, 0xff, 0xb8, 0x0, 0x0,
    0x0, 0x0, 0x0, 0x0, 0x0, 0x0, 0x0, 0x0,
    0x0, 0x0, 0x0, 0x0, 0x54, 0xff, 0xb8, 0x0,
    0x0, 0x0, 0x0, 0x0, 0x0, 0x0, 0x0, 0x0,
    0x0, 0x0, 0x0, 0x0, 0x0, 0x54, 0xff, 0xb8,
    0x0, 0x0, 0x0, 0x0, 0x0, 0x0, 0x0, 0x0,
    0x0, 0x0, 0x0, 0x0, 0x0, 0x0, 0x55, 0xff,
    0xb7, 0x0, 0x0, 0x0, 0x0, 0x0, 0x0, 0x13,
    0x1c, 0x1c, 0x1c, 0x1c, 0x1c, 0x1c, 0x1e, 0xa4,
    0xff, 0x9d, 0x0, 0x0, 0x0, 0x0, 0x21, 0xc8,
    0xff, 0xff, 0xff, 0xff, 0xff, 0xff, 0xff, 0xff,
    0xff, 0xfd, 0x38, 0x0, 0x0, 0x0, 0x0, 0xce,
    0xff, 0xff, 0xff, 0xff, 0xff, 0xff, 0xff, 0xff,
    0xff, 0xdf, 0x54, 0x0, 0x0, 0x0, 0x0, 0x21,
    0xff, 0xf4, 0x20, 0x0, 0x0, 0x0, 0x0, 0x0,
    0x0, 0x0, 0x0, 0x0, 0x0, 0x0, 0x0, 0x0,
    0x2b, 0xf8, 0xd9, 0x0, 0x0, 0x0, 0x0, 0x0,
    0x0, 0x0, 0x0, 0x0, 0x0, 0x0, 0x0, 0x0,
    0x0, 0x0, 0x0, 0x0, 0x0, 0x0, 0x0, 0x0,
    0x0, 0x0, 0x0, 0x0, 0x0, 0x0, 0x0, 0x0,
    0x0, 0x0, 0x0, 0x0, 0x0, 0x0, 0x0, 0x0,
    0x0, 0x0, 0x0, 0x0, 0x0, 0x0, 0x0, 0x0,
    0x0, 0x0, 0x0, 0x6, 0x20, 0x1c, 0x0, 0x0,
    0x0, 0x0, 0x0, 0x0, 0x0, 0x0, 0x0, 0x0,
    0x0, 0x0, 0x0, 0x0, 0x2c, 0xff, 0xe0, 0x0,
    0x0, 0x0, 0x0, 0x0, 0x0, 0x0, 0x0, 0x0,
    0x0, 0x0, 0x0, 0x0, 0x0, 0x2c, 0xff, 0xe0,
    0x0, 0x0, 0x0, 0x0, 0x0, 0x0, 0x0, 0x0,
    0x0, 0x0, 0x0,

    /* U+0040 "@" */
    0x0, 0x4c, 0xd8, 0xff, 0xff, 0xff, 0xff, 0xff,
    0xff, 0xff, 0xff, 0xff, 0xff, 0xff, 0xff, 0xfd,
    0xcc, 0x35, 0x0, 0x2f, 0xfb, 0xff, 0xff, 0xff,
    0xff, 0xff, 0xff, 0xff, 0xff, 0xff, 0xff, 0xff,
    0xff, 0xff, 0xff, 0xff, 0xef, 0x18, 0x91, 0xff,
    0xb4, 0x2a, 0x28, 0x28, 0x28, 0x28, 0x28, 0x28,
    0x28, 0x28, 0x28, 0x28, 0x28, 0x2f, 0xcb, 0xff,
    0x70, 0xa8, 0xff, 0x68, 0x0, 0x0, 0x0, 0x0,
    0x0, 0x0, 0x0, 0x0, 0x0, 0x0, 0x0, 0x0,
    0x0, 0x88, 0xff, 0x88, 0xa8, 0xff, 0x68, 0x0,
    0x0, 0x0, 0x0, 0x0, 0x0, 0x0, 0x0, 0x0,
    0x0, 0x0, 0x0, 0x0, 0x88, 0xff, 0x88, 0xa8,
    0xff, 0x68, 0x0, 0x0, 0x0, 0x13, 0x76, 0x93,
    0x94, 0x93, 0x6b, 0xa, 0x0, 0x0, 0x0, 0x88,
    0xff, 0x88, 0xa8, 0xff, 0x68, 0x0, 0x0, 0x1a,
    0xe1, 0xff, 0xff, 0xff, 0xff, 0xff, 0xcc, 0xa,
    0x0, 0x0, 0x88, 0xff, 0x88, 0xa8, 0xff, 0x68,
    0x0, 0x0, 0x94, 0xe4, 0x15, 0x0, 0x0, 0x0,
    0x22, 0xf6, 0x71, 0x0, 0x0, 0x88, 0xff, 0x88,
    0xa8, 0xff, 0x68, 0x0, 0x0, 0xc5, 0xc0, 0x0,
    0x0, 0x0, 0x0, 0x0, 0xe0, 0xa4, 0x0, 0x0,
    0x88, 0xff, 0x88, 0xa8, 0xff, 0x68, 0x0, 0x0,
    0xc8, 0xc0, 0x0, 0x0, 0x0, 0x0, 0x0, 0xe0,
    0xa8, 0x0, 0x0, 0x88, 0xff, 0x88, 0xa8, 0xff,
    0x68, 0x0, 0x0, 0xc8, 0xc0, 0x0, 0x0, 0x0,
    0x0, 0x0, 0xe0, 0xa8, 0x0, 0x0, 0x88, 0xff,
    0x88, 0xa8, 0xff, 0x68, 0x0, 0x0, 0xb3, 0xca,
    0x0, 0x0, 0x0, 0x0, 0x0, 0xe0, 0xa8, 0x0,
    0x0, 0x88, 0xff, 0x88, 0xa8, 0xff, 0x68, 0x0,
    0x0, 0x4f, 0xff, 0xad, 0x98, 0x98, 0x98, 0x98,
    0xf3, 0xdc, 0x98, 0x98, 0xcf, 0xff, 0x88, 0xa8,
    0xff, 0x68, 0x0, 0x0, 0x0, 0x66, 0xe3, 0xff,
    0xff, 0xff, 0xff, 0xff, 0xff, 0xff, 0xff, 0xff,
    0xff, 0x88, 0xa8, 0xff, 0x68, 0x0, 0x0, 0x0,
    0x0, 0x0, 0x0, 0x0, 0x0, 0x0, 0x0, 0x0,
    0x0, 0x0, 0x0, 0x0, 0x0, 0xa8, 0xff, 0x68,
    0x0, 0x0, 0x0, 0x0, 0x0, 0x0, 0x0, 0x0,
    0x0, 0x0, 0x0, 0x0, 0x0, 0x0, 0x0, 0x0,
    0x91, 0xff, 0xaf, 0x22, 0x20, 0x20, 0x20, 0x20,
    0x20, 0x20, 0x20, 0x20, 0x20, 0x20, 0x20, 0x20,
    0x20, 0x20, 0x11, 0x2f, 0xfb, 0xff, 0xff, 0xff,
    0xff, 0xff, 0xff, 0xff, 0xff, 0xff, 0xff, 0xff,
    0xff, 0xff, 0xff, 0xff, 0xff, 0x88, 0x0, 0x4c,
    0xd9, 0xff, 0xff, 0xff, 0xff, 0xff, 0xff, 0xff,
    0xff, 0xff, 0xff, 0xff, 0xff, 0xff, 0xff, 0xff,
    0x88,

    /* U+0041 "A" */
    0x0, 0x41, 0xd2, 0xff, 0xff, 0xff, 0xff, 0xff,
    0xff, 0xff, 0xff, 0xff, 0xff, 0xff, 0xff, 0xfd,
    0xc9, 0x33, 0x0, 0x20, 0xf5, 0xff, 0xff, 0xff,
    0xff, 0xff, 0xff, 0xff, 0xff, 0xff, 0xff, 0xff,
    0xff, 0xff, 0xff, 0xff, 0xec, 0x12, 0x77, 0xff,
    0xba, 0x1d, 0x18, 0x18, 0x18, 0x18, 0x18, 0x18,
    0x18, 0x18, 0x18, 0x18, 0x18, 0x20, 0xce, 0xff,
    0x5f, 0x8c, 0xff, 0x78, 0x0, 0x0, 0x0, 0x0,
    0x0, 0x0, 0x0, 0x0, 0x0, 0x0, 0x0, 0x0,
    0x0, 0x94, 0xff, 0x74, 0x8c, 0xff, 0x78, 0x0,
    0x0, 0x0, 0x0, 0x0, 0x0, 0x0, 0x0, 0x0,
    0x0, 0x0, 0x0, 0x0, 0x94, 0xff, 0x74, 0x8c,
    0xff, 0x78, 0x0, 0x0, 0x0, 0x0, 0x0, 0x0,
    0x0, 0x0, 0x0, 0x0, 0x0, 0x0, 0x0, 0x94,
    0xff, 0x74, 0x8c, 0xff, 0x78, 0x0, 0x0, 0x0,
    0x0, 0x0, 0x0, 0x0, 0x0, 0x0, 0x0, 0x0,
    0x0, 0x0, 0x94, 0xff, 0x74, 0x8c, 0xff, 0x78,
    0x0, 0x0, 0x0, 0x0, 0x0, 0x0, 0x0, 0x0,
    0x0, 0x0, 0x0, 0x0, 0x0, 0x94, 0xff, 0x74,
    0x8c, 0xff, 0x78, 0x0, 0x0, 0x0, 0x0, 0x0,
    0x0, 0x0, 0x0, 0x0, 0x0, 0x0, 0x0, 0x0,
    0x94, 0xff, 0x74, 0x8c, 0xff, 0x78, 0x0, 0x0,
    0x0, 0x0, 0x0, 0x0, 0x0, 0x0, 0x0, 0x0,
    0x0, 0x0, 0x0, 0x94, 0xff, 0x74, 0x8c, 0xff,
    0xff, 0xff, 0xff, 0xff, 0xff, 0xff, 0xff, 0xff,
    0xff, 0xff, 0xff, 0xff, 0xff, 0xff, 0xff, 0xff,
    0x74, 0x8c, 0xff, 0xff, 0xff, 0xff, 0xff, 0xff,
    0xff, 0xff, 0xff, 0xff, 0xff, 0xff, 0xff, 0xff,
    0xff, 0xff, 0xff, 0x74, 0x8c, 0xff, 0x85, 0x18,
    0x18, 0x18, 0x18, 0x18, 0x18, 0x18, 0x18, 0x18,
    0x18, 0x18, 0x18, 0x18, 0x9e, 0xff, 0x74, 0x8c,
    0xff, 0x78, 0x0, 0x0, 0x0, 0x0, 0x0, 0x0,
    0x0, 0x0, 0x0, 0x0, 0x0, 0x0, 0x0, 0x94,
    0xff, 0x74, 0x8c, 0xff, 0x78, 0x0, 0x0, 0x0,
    0x0, 0x0, 0x0, 0x0, 0x0, 0x0, 0x0, 0x0,
    0x0, 0x0, 0x94, 0xff, 0x74, 0x8c, 0xff, 0x78,
    0x0, 0x0, 0x0, 0x0, 0x0, 0x0, 0x0, 0x0,
    0x0, 0x0, 0x0, 0x0, 0x0, 0x94, 0xff, 0x74,
    0x8c, 0xff, 0x78, 0x0, 0x0, 0x0, 0x0, 0x0,
    0x0, 0x0, 0x0, 0x0, 0x0, 0x0, 0x0, 0x0,
    0x94, 0xff, 0x74, 0x8c, 0xff, 0x78, 0x0, 0x0,
    0x0, 0x0, 0x0, 0x0, 0x0, 0x0, 0x0, 0x0,
    0x0, 0x0, 0x0, 0x94, 0xff, 0x74, 0x8c, 0xff,
    0x78, 0x0, 0x0, 0x0, 0x0, 0x0, 0x0, 0x0,
    0x0, 0x0, 0x0, 0x0, 0x0, 0x0, 0x94, 0xff,
    0x74,

    /* U+0042 "B" */
    0x88, 0xff, 0xff, 0xff, 0xff, 0xff, 0xff, 0xff,
    0xff, 0xff, 0xff, 0xff, 0xff, 0xff, 0xff, 0xdf,
    0x5e, 0x0, 0x0, 0x88, 0xff, 0xff, 0xff, 0xff,
    0xff, 0xff, 0xff, 0xff, 0xff, 0xff, 0xff, 0xff,
    0xff, 0xff, 0xff, 0xff, 0x44, 0x0, 0x88, 0xff,
    0xbf, 0x1e, 0x18, 0x18, 0x18, 0x18, 0x18, 0x18,
    0x18, 0x18, 0x18, 0x18, 0x19, 0x9c, 0xff, 0xa3,
    0x0, 0x88, 0xff, 0x80, 0x0, 0x0, 0x0, 0x0,
    0x0, 0x0, 0x0, 0x0, 0x0, 0x0, 0x0, 0x0,
    0x58, 0xff, 0xb4, 0x0, 0x88, 0xff, 0x80, 0x0,
    0x0, 0x0, 0x0, 0x0, 0x0, 0x0, 0x0, 0x0,
    0x0, 0x0, 0x0, 0x58, 0xff, 0xb4, 0x0, 0x88,
    0xff, 0x80, 0x0, 0x0, 0x0, 0x0, 0x0, 0x0,
    0x0, 0x0, 0x0, 0x0, 0x0, 0x0, 0x58, 0xff,
    0xb4, 0x0, 0x88, 0xff, 0x80, 0x0, 0x0, 0x0,
    0x0, 0x0, 0x0, 0x0, 0x0, 0x0, 0x0, 0x0,
    0x0, 0x58, 0xff, 0xb4, 0x0, 0x88, 0xff, 0xb2,
    0x6, 0x0, 0x0, 0x0, 0x0, 0x0, 0x0, 0x0,
    0x0, 0x0, 0x0, 0x1, 0x8c, 0xff, 0xa3, 0x0,
    0x88, 0xff, 0xff, 0xff, 0xff, 0xff, 0xff, 0xff,
    0xff, 0xff, 0xff, 0xff, 0xff, 0xff, 0xff, 0xff,
    0xff, 0x87, 0x0, 0x88, 0xff, 0xff, 0xff, 0xff,
    0xff, 0xff, 0xff, 0xff, 0xff, 0xff, 0xff, 0xff,
    0xff, 0xff, 0xff, 0xff, 0xf2, 0x11, 0x88, 0xff,
    0xc2, 0x1e, 0x18, 0x18, 0x18, 0x18, 0x18, 0x18,
    0x18, 0x18, 0x18, 0x18, 0x18, 0x20, 0xcb, 0xff,
    0x60, 0x88, 0xff, 0x80, 0x0, 0x0, 0x0, 0x0,
    0x0, 0x0, 0x0, 0x0, 0x0, 0x0, 0x0, 0x0,
    0x0, 0x8c, 0xff, 0x78, 0x88, 0xff, 0x80, 0x0,
    0x0, 0x0, 0x0, 0x0, 0x0, 0x0, 0x0, 0x0,
    0x0, 0x0, 0x0, 0x0, 0x8c, 0xff, 0x78, 0x88,
    0xff, 0x80, 0x0, 0x0, 0x0, 0x0, 0x0, 0x0,
    0x0, 0x0, 0x0, 0x0, 0x0, 0x0, 0x0, 0x8c,
    0xff, 0x78, 0x88, 0xff, 0x80, 0x0, 0x0, 0x0,
    0x0, 0x0, 0x0, 0x0, 0x0, 0x0, 0x0, 0x0,
    0x0, 0x0, 0x8c, 0xff, 0x78, 0x88, 0xff, 0x80,
    0x0, 0x0, 0x0, 0x0, 0x0, 0x0, 0x0, 0x0,
    0x0, 0x0, 0x0, 0x0, 0x0, 0x8c, 0xff, 0x78,
    0x88, 0xff, 0xc2, 0x1e, 0x18, 0x18, 0x18, 0x18,
    0x18, 0x18, 0x18, 0x18, 0x18, 0x18, 0x18, 0x20,
    0xcb, 0xff, 0x60, 0x88, 0xff, 0xff, 0xff, 0xff,
    0xff, 0xff, 0xff, 0xff, 0xff, 0xff, 0xff, 0xff,
    0xff, 0xff, 0xff, 0xff, 0xec, 0x11, 0x88, 0xff,
    0xff, 0xff, 0xff, 0xff, 0xff, 0xff, 0xff, 0xff,
    0xff, 0xff, 0xff, 0xff, 0xff, 0xfd, 0xca, 0x33,
    0x0,

    /* U+0043 "C" */
    0x0, 0x48, 0xd7, 0xff, 0xff, 0xff, 0xff, 0xff,
    0xff, 0xff, 0xff, 0xff, 0xff, 0xff, 0xff, 0xff,
    0xff, 0xff, 0x58, 0x29, 0xf9, 0xff, 0xff, 0xff,
    0xff, 0xff, 0xff, 0xff, 0xff, 0xff, 0xff, 0xff,
    0xff, 0xff, 0xff, 0xff, 0xff, 0x58, 0x83, 0xff,
    0xaf, 0x1b, 0x18, 0x18, 0x18, 0x18, 0x18, 0x18,
    0x18, 0x18, 0x18, 0x18, 0x18, 0x18, 0x18, 0x18,
    0x8, 0x98, 0xff, 0x6c, 0x0, 0x0, 0x0, 0x0,
    0x0, 0x0, 0x0, 0x0, 0x0, 0x0, 0x0, 0x0,
    0x0, 0x0, 0x0, 0x0, 0x98, 0xff, 0x6c, 0x0,
    0x0, 0x0, 0x0, 0x0, 0x0, 0x0, 0x0, 0x0,
    0x0, 0x0, 0x0, 0x0, 0x0, 0x0, 0x0, 0x98,
    0xff, 0x6c, 0x0, 0x0, 0x0, 0x0, 0x0, 0x0,
    0x0, 0x0, 0x0, 0x0, 0x0, 0x0, 0x0, 0x0,
    0x0, 0x0, 0x98, 0xff, 0x6c, 0x0, 0x0, 0x0,
    0x0, 0x0, 0x0, 0x0, 0x0, 0x0, 0x0, 0x0,
    0x0, 0x0, 0x0, 0x0, 0x0, 0x98, 0xff, 0x6c,
    0x0, 0x0, 0x0, 0x0, 0x0, 0x0, 0x0, 0x0,
    0x0, 0x0, 0x0, 0x0, 0x0, 0x0, 0x0, 0x0,
    0x98, 0xff, 0x6c, 0x0, 0x0, 0x0, 0x0, 0x0,
    0x0, 0x0, 0x0, 0x0, 0x0, 0x0, 0x0, 0x0,
    0x0, 0x0, 0x0, 0x98, 0xff, 0x6c, 0x0, 0x0,
    0x0, 0x0, 0x0, 0x0, 0x0, 0x0, 0x0, 0x0,
    0x0, 0x0, 0x0, 0x0, 0x0, 0x0, 0x98, 0xff,
    0x6c, 0x0, 0x0, 0x0, 0x0, 0x0, 0x0, 0x0,
    0x0, 0x0, 0x0, 0x0, 0x0, 0x0, 0x0, 0x0,
    0x0, 0x98, 0xff, 0x6c, 0x0, 0x0, 0x0, 0x0,
    0x0, 0x0, 0x0, 0x0, 0x0, 0x0, 0x0, 0x0,
    0x0, 0x0, 0x0, 0x0, 0x98, 0xff, 0x6c, 0x0,
    0x0, 0x0, 0x0, 0x0, 0x0, 0x0, 0x0, 0x0,
    0x0, 0x0, 0x0, 0x0, 0x0, 0x0, 0x0, 0x98,
    0xff, 0x6c, 0x0, 0x0, 0x0, 0x0, 0x0, 0x0,
    0x0, 0x0, 0x0, 0x0, 0x0, 0x0, 0x0, 0x0,
    0x0, 0x0, 0x98, 0xff, 0x6c, 0x0, 0x0, 0x0,
    0x0, 0x0, 0x0, 0x0, 0x0, 0x0, 0x0, 0x0,
    0x0, 0x0, 0x0, 0x0, 0x0, 0x98, 0xff, 0x6c,
    0x0, 0x0, 0x0, 0x0, 0x0, 0x0, 0x0, 0x0,
    0x0, 0x0, 0x0, 0x0, 0x0, 0x0, 0x0, 0x0,
    0x83, 0xff, 0xaf, 0x1b, 0x18, 0x18, 0x18, 0x18,
    0x18, 0x18, 0x18, 0x18, 0x18, 0x18, 0x18, 0x18,
    0x18, 0x18, 0x8, 0x29, 0xf9, 0xff, 0xff, 0xff,
    0xff, 0xff, 0xff, 0xff, 0xff, 0xff, 0xff, 0xff,
    0xff, 0xff, 0xff, 0xff, 0xff, 0x58, 0x0, 0x48,
    0xd7, 0xff, 0xff, 0xff, 0xff, 0xff, 0xff, 0xff,
    0xff, 0xff, 0xff, 0xff, 0xff, 0xff, 0xff, 0xff,
    0x58,

    /* U+0044 "D" */
    0x8c, 0xff, 0xff, 0xff, 0xff, 0xff, 0xff, 0xff,
    0xff, 0xff, 0xff, 0xff, 0xff, 0xff, 0xff, 0xfd,
    0xc9, 0x33, 0x0, 0x8c, 0xff, 0xff, 0xff, 0xff,
    0xff, 0xff, 0xff, 0xff, 0xff, 0xff, 0xff, 0xff,
    0xff, 0xff, 0xff, 0xff, 0xec, 0x12, 0x8c, 0xff,
    0xba, 0x1d, 0x18, 0x18, 0x18, 0x18, 0x18, 0x18,
    0x18, 0x18, 0x18, 0x18, 0x18, 0x20, 0xce, 0xff,
    0x5f, 0x8c, 0xff, 0x78, 0x0, 0x0, 0x0, 0x0,
    0x0, 0x0, 0x0, 0x0, 0x0, 0x0, 0x0, 0x0,
    0x0, 0x94, 0xff, 0x74, 0x8c, 0xff, 0x78, 0x0,
    0x0, 0x0, 0x0, 0x0, 0x0, 0x0, 0x0, 0x0,
    0x0, 0x0, 0x0, 0x0, 0x94, 0xff, 0x74, 0x8c,
    0xff, 0x78, 0x0, 0x0, 0x0, 0x0, 0x0, 0x0,
    0x0, 0x0, 0x0, 0x0, 0x0, 0x0, 0x0, 0x94,
    0xff, 0x74, 0x8c, 0xff, 0x78, 0x0, 0x0, 0x0,
    0x0, 0x0, 0x0, 0x0, 0x0, 0x0, 0x0, 0x0,
    0x0, 0x0, 0x94, 0xff, 0x74, 0x8c, 0xff, 0x78,
    0x0, 0x0, 0x0, 0x0, 0x0, 0x0, 0x0, 0x0,
    0x0, 0x0, 0x0, 0x0, 0x0, 0x94, 0xff, 0x74,
    0x8c, 0xff, 0x78, 0x0, 0x0, 0x0, 0x0, 0x0,
    0x0, 0x0, 0x0, 0x0, 0x0, 0x0, 0x0, 0x0,
    0x94, 0xff, 0x74, 0x8c, 0xff, 0x78, 0x0, 0x0,
    0x0, 0x0, 0x0, 0x0, 0x0, 0x0, 0x0, 0x0,
    0x0, 0x0, 0x0, 0x94, 0xff, 0x74, 0x8c, 0xff,
    0x78, 0x0, 0x0, 0x0, 0x0, 0x0, 0x0, 0x0,
    0x0, 0x0, 0x0, 0x0, 0x0, 0x0, 0x94, 0xff,
    0x74, 0x8c, 0xff, 0x78, 0x0, 0x0, 0x0, 0x0,
    0x0, 0x0, 0x0, 0x0, 0x0, 0x0, 0x0, 0x0,
    0x0, 0x94, 0xff, 0x74, 0x8c, 0xff, 0x78, 0x0,
    0x0, 0x0, 0x0, 0x0, 0x0, 0x0, 0x0, 0x0,
    0x0, 0x0, 0x0, 0x0, 0x94, 0xff, 0x74, 0x8c,
    0xff, 0x78, 0x0, 0x0, 0x0, 0x0, 0x0, 0x0,
    0x0, 0x0, 0x0, 0x0, 0x0, 0x0, 0x0, 0x94,
    0xff, 0x74, 0x8c, 0xff, 0x78, 0x0, 0x0, 0x0,
    0x0, 0x0, 0x0, 0x0, 0x0, 0x0, 0x0, 0x0,
    0x0, 0x0, 0x94, 0xff, 0x74, 0x8c, 0xff, 0x78,
    0x0, 0x0, 0x0, 0x0, 0x0, 0x0, 0x0, 0x0,
    0x0, 0x0, 0x0, 0x0, 0x0, 0x94, 0xff, 0x74,
    0x8c, 0xff, 0xba, 0x1d, 0x18, 0x18, 0x18, 0x18,
    0x18, 0x18, 0x18, 0x18, 0x18, 0x18, 0x18, 0x20,
    0xce, 0xff, 0x5f, 0x8c, 0xff, 0xff, 0xff, 0xff,
    0xff, 0xff, 0xff, 0xff, 0xff, 0xff, 0xff, 0xff,
    0xff, 0xff, 0xff, 0xff, 0xec, 0x12, 0x8c, 0xff,
    0xff, 0xff, 0xff, 0xff, 0xff, 0xff, 0xff, 0xff,
    0xff, 0xff, 0xff, 0xff, 0xff, 0xfd, 0xc9, 0x33,
    0x0,

    /* U+0045 "E" */
    0x8c, 0xff, 0xff, 0xff, 0xff, 0xff, 0xff, 0xff,
    0xff, 0xff, 0xff, 0xff, 0xff, 0xff, 0xff, 0xff,
    0xe0, 0x8c, 0xff, 0xff, 0xff, 0xff, 0xff, 0xff,
    0xff, 0xff, 0xff, 0xff, 0xff, 0xff, 0xff, 0xff,
    0xff, 0xe0, 0x8c, 0xff, 0x85, 0x18, 0x18, 0x18,
    0x18, 0x18, 0x18, 0x18, 0x18, 0x18, 0x18, 0x18,
    0x18, 0x18, 0x15, 0x8c, 0xff, 0x78, 0x0, 0x0,
    0x0, 0x0, 0x0, 0x0, 0x0, 0x0, 0x0, 0x0,
    0x0, 0x0, 0x0, 0x0, 0x8c, 0xff, 0x78, 0x0,
    0x0, 0x0, 0x0, 0x0, 0x0, 0x0, 0x0, 0x0,
    0x0, 0x0, 0x0, 0x0, 0x0, 0x8c, 0xff, 0x78,
    0x0, 0x0, 0x0, 0x0, 0x0, 0x0, 0x0, 0x0,
    0x0, 0x0, 0x0, 0x0, 0x0, 0x0, 0x8c, 0xff,
    0x78, 0x0, 0x0, 0x0, 0x0, 0x0, 0x0, 0x0,
    0x0, 0x0, 0x0, 0x0, 0x0, 0x0, 0x0, 0x8c,
    0xff, 0x78, 0x0, 0x0, 0x0, 0x0, 0x0, 0x0,
    0x0, 0x0, 0x0, 0x0, 0x0, 0x0, 0x0, 0x0,
    0x8c, 0xff, 0x89, 0x20, 0x20, 0x20, 0x20, 0x20,
    0x20, 0x20, 0x20, 0x20, 0x20, 0x20, 0x2, 0x0,
    0x0, 0x8c, 0xff, 0xff, 0xff, 0xff, 0xff, 0xff,
    0xff, 0xff, 0xff, 0xff, 0xff, 0xff, 0xff, 0xc,
    0x0, 0x0, 0x8c, 0xff, 0xff, 0xff, 0xff, 0xff,
    0xff, 0xff, 0xff, 0xff, 0xff, 0xff, 0xff, 0xff,
    0xc, 0x0, 0x0, 0x8c, 0xff, 0x78, 0x0, 0x0,
    0x0, 0x0, 0x0, 0x0, 0x0, 0x0, 0x0, 0x0,
    0x0, 0x0, 0x0, 0x0, 0x8c, 0xff, 0x78, 0x0,
    0x0, 0x0, 0x0, 0x0, 0x0, 0x0, 0x0, 0x0,
    0x0, 0x0, 0x0, 0x0, 0x0, 0x8c, 0xff, 0x78,
    0x0, 0x0, 0x0, 0x0, 0x0, 0x0, 0x0, 0x0,
    0x0, 0x0, 0x0, 0x0, 0x0, 0x0, 0x8c, 0xff,
    0x78, 0x0, 0x0, 0x0, 0x0, 0x0, 0x0, 0x0,
    0x0, 0x0, 0x0, 0x0, 0x0, 0x0, 0x0, 0x8c,
    0xff, 0x78, 0x0, 0x0, 0x0, 0x0, 0x0, 0x0,
    0x0, 0x0, 0x0, 0x0, 0x0, 0x0, 0x0, 0x0,
    0x8c, 0xff, 0x85, 0x18, 0x18, 0x18, 0x18, 0x18,
    0x18, 0x18, 0x18, 0x18, 0x18, 0x18, 0x18, 0x18,
    0x15, 0x8c, 0xff, 0xff, 0xff, 0xff, 0xff, 0xff,
    0xff, 0xff, 0xff, 0xff, 0xff, 0xff, 0xff, 0xff,
    0xff, 0xe0, 0x8c, 0xff, 0xff, 0xff, 0xff, 0xff,
    0xff, 0xff, 0xff, 0xff, 0xff, 0xff, 0xff, 0xff,
    0xff, 0xff, 0xe0,

    /* U+0046 "F" */
    0x8c, 0xff, 0xff, 0xff, 0xff, 0xff, 0xff, 0xff,
    0xff, 0xff, 0xff, 0xff, 0xff, 0xff, 0xff, 0xff,
    0xe0, 0x8c, 0xff, 0xff, 0xff, 0xff, 0xff, 0xff,
    0xff, 0xff, 0xff, 0xff, 0xff, 0xff, 0xff, 0xff,
    0xff, 0xe0, 0x8c, 0xff, 0x85, 0x18, 0x18, 0x18,
    0x18, 0x18, 0x18, 0x18, 0x18, 0x18, 0x18, 0x18,
    0x18, 0x18, 0x15, 0x8c, 0xff, 0x78, 0x0, 0x0,
    0x0, 0x0, 0x0, 0x0, 0x0, 0x0, 0x0, 0x0,
    0x0, 0x0, 0x0, 0x0, 0x8c, 0xff, 0x78, 0x0,
    0x0, 0x0, 0x0, 0x0, 0x0, 0x0, 0x0, 0x0,
    0x0, 0x0, 0x0, 0x0, 0x0, 0x8c, 0xff, 0x78,
    0x0, 0x0, 0x0, 0x0, 0x0, 0x0, 0x0, 0x0,
    0x0, 0x0, 0x0, 0x0, 0x0, 0x0, 0x8c, 0xff,
    0x78, 0x0, 0x0, 0x0, 0x0, 0x0, 0x0, 0x0,
    0x0, 0x0, 0x0, 0x0, 0x0, 0x0, 0x0, 0x8c,
    0xff, 0x78, 0x0, 0x0, 0x0, 0x0, 0x0, 0x0,
    0x0, 0x0, 0x0, 0x0, 0x0, 0x0, 0x0, 0x0,
    0x8c, 0xff, 0x89, 0x20, 0x20, 0x20, 0x20, 0x20,
    0x20, 0x20, 0x20, 0x20, 0x20, 0x20, 0x2, 0x0,
    0x0, 0x8c, 0xff, 0xff, 0xff, 0xff, 0xff, 0xff,
    0xff, 0xff, 0xff, 0xff, 0xff, 0xff, 0xff, 0xc,
    0x0, 0x0, 0x8c, 0xff, 0xff, 0xff, 0xff, 0xff,
    0xff, 0xff, 0xff, 0xff, 0xff, 0xff, 0xff, 0xff,
    0xc, 0x0, 0x0, 0x8c, 0xff, 0x78, 0x0, 0x0,
    0x0, 0x0, 0x0, 0x0, 0x0, 0x0, 0x0, 0x0,
    0x0, 0x0, 0x0, 0x0, 0x8c, 0xff, 0x78, 0x0,
    0x0, 0x0, 0x0, 0x0, 0x0, 0x0, 0x0, 0x0,
    0x0, 0x0, 0x0, 0x0, 0x0, 0x8c, 0xff, 0x78,
    0x0, 0x0, 0x0, 0x0, 0x0, 0x0, 0x0, 0x0,
    0x0, 0x0, 0x0, 0x0, 0x0, 0x0, 0x8c, 0xff,
    0x78, 0x0, 0x0, 0x0, 0x0, 0x0, 0x0, 0x0,
    0x0, 0x0, 0x0, 0x0, 0x0, 0x0, 0x0, 0x8c,
    0xff, 0x78, 0x0, 0x0, 0x0, 0x0, 0x0, 0x0,
    0x0, 0x0, 0x0, 0x0, 0x0, 0x0, 0x0, 0x0,
    0x8c, 0xff, 0x78, 0x0, 0x0, 0x0, 0x0, 0x0,
    0x0, 0x0, 0x0, 0x0, 0x0, 0x0, 0x0, 0x0,
    0x0, 0x8c, 0xff, 0x78, 0x0, 0x0, 0x0, 0x0,
    0x0, 0x0, 0x0, 0x0, 0x0, 0x0, 0x0, 0x0,
    0x0, 0x0, 0x8c, 0xff, 0x78, 0x0, 0x0, 0x0,
    0x0, 0x0, 0x0, 0x0, 0x0, 0x0, 0x0, 0x0,
    0x0, 0x0, 0x0,

    /* U+0047 "G" */
    0x0, 0x48, 0xd7, 0xff, 0xff, 0xff, 0xff, 0xff,
    0xff, 0xff, 0xff, 0xff, 0xff, 0xff, 0xff, 0xfc,
    0xc3, 0x2a, 0x0, 0x29, 0xf9, 0xff, 0xff, 0xff,
    0xff, 0xff, 0xff, 0xff, 0xff, 0xff, 0xff, 0xff,
    0xff, 0xff, 0xff, 0xff, 0xe4, 0xc, 0x83, 0xff,
    0xaf, 0x1b, 0x18, 0x18, 0x18, 0x18, 0x18, 0x18,
    0x18, 0x18, 0x18, 0x18, 0x18, 0x23, 0xd6, 0xff,
    0x53, 0x98, 0xff, 0x6c, 0x0, 0x0, 0x0, 0x0,
    0x0, 0x0, 0x0, 0x0, 0x0, 0x0, 0x0, 0x0,
    0x0, 0x91, 0xe8, 0x5e, 0x98, 0xff, 0x6c, 0x0,
    0x0, 0x0, 0x0, 0x0, 0x0, 0x0, 0x0, 0x0,
    0x0, 0x0, 0x0, 0x0, 0x0, 0x0, 0x0, 0x98,
    0xff, 0x6c, 0x0, 0x0, 0x0, 0x0, 0x0, 0x0,
    0x0, 0x0, 0x0, 0x0, 0x0, 0x0, 0x0, 0x0,
    0x0, 0x0, 0x98, 0xff, 0x6c, 0x0, 0x0, 0x0,
    0x0, 0x0, 0x0, 0x0, 0x0, 0x0, 0x0, 0x0,
    0x0, 0x0, 0x0, 0x0, 0x0, 0x98, 0xff, 0x6c,
    0x0, 0x0, 0x0, 0x0, 0x0, 0x0, 0x0, 0x0,
    0x0, 0x0, 0x0, 0x0, 0x0, 0x0, 0x0, 0x0,
    0x98, 0xff, 0x6c, 0x0, 0x0, 0x0, 0x0, 0x0,
    0x0, 0x0, 0x0, 0x0, 0x0, 0x0, 0x0, 0x0,
    0x0, 0x0, 0x0, 0x98, 0xff, 0x6c, 0x0, 0x0,
    0x0, 0x0, 0x0, 0x0, 0x0, 0x0, 0x14, 0xff,
    0xff, 0xff, 0xff, 0xff, 0xff, 0x68, 0x98, 0xff,
    0x6c, 0x0, 0x0, 0x0, 0x0, 0x0, 0x0, 0x0,
    0x0, 0x14, 0xff, 0xff, 0xff, 0xff, 0xff, 0xff,
    0x68, 0x98, 0xff, 0x6c, 0x0, 0x0, 0x0, 0x0,
    0x0, 0x0, 0x0, 0x0, 0x3, 0x20, 0x20, 0x20,
    0x20, 0xac, 0xff, 0x68, 0x98, 0xff, 0x6c, 0x0,
    0x0, 0x0, 0x0, 0x0, 0x0, 0x0, 0x0, 0x0,
    0x0, 0x0, 0x0, 0x0, 0xa0, 0xff, 0x68, 0x98,
    0xff, 0x6c, 0x0, 0x0, 0x0, 0x0, 0x0, 0x0,
    0x0, 0x0, 0x0, 0x0, 0x0, 0x0, 0x0, 0xa0,
    0xff, 0x68, 0x98, 0xff, 0x6c, 0x0, 0x0, 0x0,
    0x0, 0x0, 0x0, 0x0, 0x0, 0x0, 0x0, 0x0,
    0x0, 0x0, 0xa0, 0xff, 0x68, 0x98, 0xff, 0x6c,
    0x0, 0x0, 0x0, 0x0, 0x0, 0x0, 0x0, 0x0,
    0x0, 0x0, 0x0, 0x0, 0x0, 0xa0, 0xff, 0x68,
    0x83, 0xff, 0xaf, 0x1b, 0x18, 0x18, 0x18, 0x18,
    0x18, 0x18, 0x18, 0x18, 0x18, 0x18, 0x18, 0x23,
    0xd6, 0xff, 0x53, 0x29, 0xf9, 0xff, 0xff, 0xff,
    0xff, 0xff, 0xff, 0xff, 0xff, 0xff, 0xff, 0xff,
    0xff, 0xff, 0xff, 0xff, 0xe4, 0xb, 0x0, 0x48,
    0xd7, 0xff, 0xff, 0xff, 0xff, 0xff, 0xff, 0xff,
    0xff, 0xff, 0xff, 0xff, 0xff, 0xfc, 0xc3, 0x2a,
    0x0,

    /* U+0048 "H" */
    0x94, 0xff, 0x74, 0x0, 0x0, 0x0, 0x0, 0x0,
    0x0, 0x0, 0x0, 0x0, 0x0, 0x0, 0x0, 0x0,
    0x2c, 0xff, 0xe0, 0x94, 0xff, 0x74, 0x0, 0x0,
    0x0, 0x0, 0x0, 0x0, 0x0, 0x0, 0x0, 0x0,
    0x0, 0x0, 0x0, 0x2c, 0xff, 0xe0, 0x94, 0xff,
    0x74, 0x0, 0x0, 0x0, 0x0, 0x0, 0x0, 0x0,
    0x0, 0x0, 0x0, 0x0, 0x0, 0x0, 0x2c, 0xff,
    0xe0, 0x94, 0xff, 0x74, 0x0, 0x0, 0x0, 0x0,
    0x0, 0x0, 0x0, 0x0, 0x0, 0x0, 0x0, 0x0,
    0x0, 0x2c, 0xff, 0xe0, 0x94, 0xff, 0x74, 0x0,
    0x0, 0x0, 0x0, 0x0, 0x0, 0x0, 0x0, 0x0,
    0x0, 0x0, 0x0, 0x0, 0x2c, 0xff, 0xe0, 0x94,
    0xff, 0x74, 0x0, 0x0, 0x0, 0x0, 0x0, 0x0,
    0x0, 0x0, 0x0, 0x0, 0x0, 0x0, 0x0, 0x2c,
    0xff, 0xe0, 0x94, 0xff, 0x74, 0x0, 0x0, 0x0,
    0x0, 0x0, 0x0, 0x0, 0x0, 0x0, 0x0, 0x0,
    0x0, 0x0, 0x2c, 0xff, 0xe0, 0x94, 0xff, 0x74,
    0x0, 0x0, 0x0, 0x0, 0x0, 0x0, 0x0, 0x0,
    0x0, 0x0, 0x0, 0x0, 0x0, 0x2c, 0xff, 0xe0,
    0x94, 0xff, 0x86, 0x20, 0x20, 0x20, 0x20, 0x20,
    0x20, 0x20, 0x20, 0x20, 0x20, 0x20, 0x20, 0x20,
    0x47, 0xff, 0xe0, 0x94, 0xff, 0xff, 0xff, 0xff,
    0xff, 0xff, 0xff, 0xff, 0xff, 0xff, 0xff, 0xff,
    0xff, 0xff, 0xff, 0xff, 0xff, 0xe0, 0x94, 0xff,
    0xff, 0xff, 0xff, 0xff, 0xff, 0xff, 0xff, 0xff,
    0xff, 0xff, 0xff, 0xff, 0xff, 0xff, 0xff, 0xff,
    0xe0, 0x94, 0xff, 0x74, 0x0, 0x0, 0x0, 0x0,
    0x0, 0x0, 0x0, 0x0, 0x0, 0x0, 0x0, 0x0,
    0x0, 0x2c, 0xff, 0xe0, 0x94, 0xff, 0x74, 0x0,
    0x0, 0x0, 0x0, 0x0, 0x0, 0x0, 0x0, 0x0,
    0x0, 0x0, 0x0, 0x0, 0x2c, 0xff, 0xe0, 0x94,
    0xff, 0x74, 0x0, 0x0, 0x0, 0x0, 0x0, 0x0,
    0x0, 0x0, 0x0, 0x0, 0x0, 0x0, 0x0, 0x2c,
    0xff, 0xe0, 0x94, 0xff, 0x74, 0x0, 0x0, 0x0,
    0x0, 0x0, 0x0, 0x0, 0x0, 0x0, 0x0, 0x0,
    0x0, 0x0, 0x2c, 0xff, 0xe0, 0x94, 0xff, 0x74,
    0x0, 0x0, 0x0, 0x0, 0x0, 0x0, 0x0, 0x0,
    0x0, 0x0, 0x0, 0x0, 0x0, 0x2c, 0xff, 0xe0,
    0x94, 0xff, 0x74, 0x0, 0x0, 0x0, 0x0, 0x0,
    0x0, 0x0, 0x0, 0x0, 0x0, 0x0, 0x0, 0x0,
    0x2c, 0xff, 0xe0, 0x94, 0xff, 0x74, 0x0, 0x0,
    0x0, 0x0, 0x0, 0x0, 0x0, 0x0, 0x0, 0x0,
    0x0, 0x0, 0x0, 0x2c, 0xff, 0xe0, 0x94, 0xff,
    0x74, 0x0, 0x0, 0x0, 0x0, 0x0, 0x0, 0x0,
    0x0, 0x0, 0x0, 0x0, 0x0, 0x0, 0x2c, 0xff,
    0xe0,

    /* U+0049 "I" */
    0x58, 0xff, 0xb4, 0x58, 0xff, 0xb4, 0x58, 0xff,
    0xb4, 0x58, 0xff, 0xb4, 0x58, 0xff, 0xb4, 0x58,
    0xff, 0xb4, 0x58, 0xff, 0xb4, 0x58, 0xff, 0xb4,
    0x58, 0xff, 0xb4, 0x58, 0xff, 0xb4, 0x58, 0xff,
    0xb4, 0x58, 0xff, 0xb4, 0x58, 0xff, 0xb4, 0x58,
    0xff, 0xb4, 0x58, 0xff, 0xb4, 0x58, 0xff, 0xb4,
    0x58, 0xff, 0xb4, 0x58, 0xff, 0xb4, 0x58, 0xff,
    0xb4,

    /* U+004A "J" */
    0x0, 0x0, 0x0, 0x0, 0x0, 0x0, 0x0, 0x0,
    0x0, 0x0, 0x0, 0x0, 0x0, 0x0, 0x0, 0x0,
    0xec, 0xff, 0x18, 0x0, 0x0, 0x0, 0x0, 0x0,
    0x0, 0x0, 0x0, 0x0, 0x0, 0x0, 0x0, 0x0,
    0x0, 0x0, 0x0, 0xec, 0xff, 0x18, 0x0, 0x0,
    0x0, 0x0, 0x0, 0x0, 0x0, 0x0, 0x0, 0x0,
    0x0, 0x0, 0x0, 0x0, 0x0, 0x0, 0xec, 0xff,
    0x18, 0x0, 0x0, 0x0, 0x0, 0x0, 0x0, 0x0,
    0x0, 0x0, 0x0, 0x0, 0x0, 0x0, 0x0, 0x0,
    0x0, 0xec, 0xff, 0x18, 0x0, 0x0, 0x0, 0x0,
    0x0, 0x0, 0x0, 0x0, 0x0, 0x0, 0x0, 0x0,
    0x0, 0x0, 0x0, 0x0, 0xec, 0xff, 0x18, 0x0,
    0x0, 0x0, 0x0, 0x0, 0x0, 0x0, 0x0, 0x0,
    0x0, 0x0, 0x0, 0x0, 0x0, 0x0, 0x0, 0xec,
    0xff, 0x18, 0x0, 0x0, 0x0, 0x0, 0x0, 0x0,
    0x0, 0x0, 0x0, 0x0, 0x0, 0x0, 0x0, 0x0,
    0x0, 0x0, 0xec, 0xff, 0x18, 0x0, 0x0, 0x0,
    0x0, 0x0, 0x0, 0x0, 0x0, 0x0, 0x0, 0x0,
    0x0, 0x0, 0x0, 0x0, 0x0, 0xec, 0xff, 0x18,
    0x0, 0x0, 0x0, 0x0, 0x0, 0x0, 0x0, 0x0,
    0x0, 0x0, 0x0, 0x0, 0x0, 0x0, 0x0, 0x0,
    0xec, 0xff, 0x18, 0x0, 0x0, 0x0, 0x0, 0x0,
    0x0, 0x0, 0x0, 0x0, 0x0, 0x0, 0x0, 0x0,
    0x0, 0x0, 0x0, 0xec, 0xff, 0x18, 0x0, 0x0,
    0x0, 0x0, 0x0, 0x0, 0x0, 0x0, 0x0, 0x0,
    0x0, 0x0, 0x0, 0x0, 0x0, 0x0, 0xec, 0xff,
    0x18, 0x0, 0x0, 0x0, 0x0, 0x0, 0x0, 0x0,
    0x0, 0x0, 0x0, 0x0, 0x0, 0x0, 0x0, 0x0,
    0x0, 0xec, 0xff, 0x18, 0x0, 0x0, 0x0, 0x0,
    0x0, 0x0, 0x0, 0x0, 0x0, 0x0, 0x0, 0x0,
    0x0, 0x0, 0x0, 0x0, 0xec, 0xff, 0x18, 0x0,
    0x0, 0x0, 0x0, 0x0, 0x0, 0x0, 0x0, 0x0,
    0x0, 0x0, 0x0, 0x0, 0x0, 0x0, 0x0, 0xec,
    0xff, 0x18, 0x95, 0xa4, 0x15, 0x0, 0x0, 0x0,
    0x0, 0x0, 0x0, 0x0, 0x0, 0x0, 0x0, 0x0,
    0x0, 0x0, 0xec, 0xff, 0x18, 0xe8, 0xff, 0x20,
    0x0, 0x0, 0x0, 0x0, 0x0, 0x0, 0x0, 0x0,
    0x0, 0x0, 0x0, 0x0, 0x0, 0xec, 0xff, 0x18,
    0xd3, 0xff, 0x6d, 0x18, 0x18, 0x18, 0x18, 0x18,
    0x18, 0x18, 0x18, 0x18, 0x18, 0x18, 0x18, 0x41,
    0xfd, 0xfb, 0x8, 0x70, 0xff, 0xff, 0xff, 0xff,
    0xff, 0xff, 0xff, 0xff, 0xff, 0xff, 0xff, 0xff,
    0xff, 0xff, 0xff, 0xff, 0xa2, 0x0, 0x1, 0x7d,
    0xeb, 0xff, 0xff, 0xff, 0xff, 0xff, 0xff, 0xff,
    0xff, 0xff, 0xff, 0xff, 0xff, 0xf5, 0x9e, 0xb,
    0x0,

    /* U+004B "K" */
    0x94, 0xff, 0x78, 0x0, 0x0, 0x0, 0x0, 0x0,
    0x0, 0x0, 0x0, 0x0, 0x0, 0x0, 0x69, 0xff,
    0xfc, 0x3d, 0x94, 0xff, 0x78, 0x0, 0x0, 0x0,
    0x0, 0x0, 0x0, 0x0, 0x0, 0x0, 0x0, 0x31,
    0xf8, 0xff, 0x75, 0x0, 0x94, 0xff, 0x78, 0x0,
    0x0, 0x0, 0x0, 0x0, 0x0, 0x0, 0x0, 0x0,
    0xe, 0xdd, 0xff, 0xb3, 0x1, 0x0, 0x94, 0xff,
    0x78, 0x0, 0x0, 0x0, 0x0, 0x0, 0x0, 0x0,
    0x0, 0x0, 0xac, 0xff, 0xdf, 0x12, 0x0, 0x0,
    0x94, 0xff, 0x78, 0x0, 0x0, 0x0, 0x0, 0x0,
    0x0, 0x0, 0x0, 0x6c, 0xff, 0xf9, 0x35, 0x0,
    0x0, 0x0, 0x94, 0xff, 0x78, 0x0, 0x0, 0x0,
    0x0, 0x0, 0x0, 0x0, 0x33, 0xf9, 0xff, 0x6c,
    0x0, 0x0, 0x0, 0x0, 0x94, 0xff, 0x78, 0x0,
    0x0, 0x0, 0x0, 0x0, 0x0, 0x10, 0xdd, 0xff,
    0xa9, 0x0, 0x0, 0x0, 0x0, 0x0, 0x94, 0xff,
    0x78, 0x0, 0x0, 0x0, 0x0, 0x0, 0x1, 0xae,
    0xff, 0xd9, 0xd, 0x0, 0x0, 0x0, 0x0, 0x0,
    0x94, 0xff, 0x89, 0x20, 0x20, 0x20, 0x20, 0x20,
    0x78, 0xff, 0xf7, 0x2d, 0x0, 0x0, 0x0, 0x0,
    0x0, 0x0, 0x94, 0xff, 0xff, 0xff, 0xff, 0xff,
    0xff, 0xff, 0xff, 0xff, 0x63, 0x0, 0x0, 0x0,
    0x0, 0x0, 0x0, 0x0, 0x94, 0xff, 0xff, 0xff,
    0xff, 0xff, 0xff, 0xff, 0xff, 0xff, 0x83, 0x0,
    0x0, 0x0, 0x0, 0x0, 0x0, 0x0, 0x94, 0xff,
    0x78, 0x0, 0x0, 0x0, 0x0, 0x0, 0x4e, 0xfe,
    0xff, 0x58, 0x0, 0x0, 0x0, 0x0, 0x0, 0x0,
    0x94, 0xff, 0x78, 0x0, 0x0, 0x0, 0x0, 0x0,
    0x0, 0x78, 0xff, 0xf8, 0x36, 0x0, 0x0, 0x0,
    0x0, 0x0, 0x94, 0xff, 0x78, 0x0, 0x0, 0x0,
    0x0, 0x0, 0x0, 0x0, 0xa1, 0xff, 0xe6, 0x1d,
    0x0, 0x0, 0x0, 0x0, 0x94, 0xff, 0x78, 0x0,
    0x0, 0x0, 0x0, 0x0, 0x0, 0x0, 0x7, 0xc4,
    0xff, 0xcd, 0xa, 0x0, 0x0, 0x0, 0x94, 0xff,
    0x78, 0x0, 0x0, 0x0, 0x0, 0x0, 0x0, 0x0,
    0x0, 0x15, 0xe0, 0xff, 0xac, 0x1, 0x0, 0x0,
    0x94, 0xff, 0x78, 0x0, 0x0, 0x0, 0x0, 0x0,
    0x0, 0x0, 0x0, 0x0, 0x2c, 0xf3, 0xff, 0x82,
    0x0, 0x0, 0x94, 0xff, 0x78, 0x0, 0x0, 0x0,
    0x0, 0x0, 0x0, 0x0, 0x0, 0x0, 0x0, 0x4b,
    0xfd, 0xff, 0x58, 0x0, 0x94, 0xff, 0x78, 0x0,
    0x0, 0x0, 0x0, 0x0, 0x0, 0x0, 0x0, 0x0,
    0x0, 0x0, 0x74, 0xff, 0xf7, 0x36,

    /* U+004C "L" */
    0x94, 0xff, 0x74, 0x0, 0x0, 0x0, 0x0, 0x0,
    0x0, 0x0, 0x0, 0x0, 0x0, 0x0, 0x0, 0x0,
    0x0, 0x0, 0x0, 0x94, 0xff, 0x74, 0x0, 0x0,
    0x0, 0x0, 0x0, 0x0, 0x0, 0x0, 0x0, 0x0,
    0x0, 0x0, 0x0, 0x0, 0x0, 0x0, 0x94, 0xff,
    0x74, 0x0, 0x0, 0x0, 0x0, 0x0, 0x0, 0x0,
    0x0, 0x0, 0x0, 0x0, 0x0, 0x0, 0x0, 0x0,
    0x0, 0x94, 0xff, 0x74, 0x0, 0x0, 0x0, 0x0,
    0x0, 0x0, 0x0, 0x0, 0x0, 0x0, 0x0, 0x0,
    0x0, 0x0, 0x0, 0x0, 0x94, 0xff, 0x74, 0x0,
    0x0, 0x0, 0x0, 0x0, 0x0, 0x0, 0x0, 0x0,
    0x0, 0x0, 0x0, 0x0, 0x0, 0x0, 0x0, 0x94,
    0xff, 0x74, 0x0, 0x0, 0x0, 0x0, 0x0, 0x0,
    0x0, 0x0, 0x0, 0x0, 0x0, 0x0, 0x0, 0x0,
    0x0, 0x0, 0x94, 0xff, 0x74, 0x0, 0x0, 0x0,
    0x0, 0x0, 0x0, 0x0, 0x0, 0x0, 0x0, 0x0,
    0x0, 0x0, 0x0, 0x0, 0x0, 0x94, 0xff, 0x74,
    0x0, 0x0, 0x0, 0x0, 0x0, 0x0, 0x0, 0x0,
    0x0, 0x0, 0x0, 0x0, 0x0, 0x0, 0x0, 0x0,
    0x94, 0xff, 0x74, 0x0, 0x0, 0x0, 0x0, 0x0,
    0x0, 0x0, 0x0, 0x0, 0x0, 0x0, 0x0, 0x0,
    0x0, 0x0, 0x0, 0x94, 0xff, 0x74, 0x0, 0x0,
    0x0, 0x0, 0x0, 0x0, 0x0, 0x0, 0x0, 0x0,
    0x0, 0x0, 0x0, 0x0, 0x0, 0x0, 0x94, 0xff,
    0x74, 0x0, 0x0, 0x0, 0x0, 0x0, 0x0, 0x0,
    0x0, 0x0, 0x0, 0x0, 0x0, 0x0, 0x0, 0x0,
    0x0, 0x94, 0xff, 0x74, 0x0, 0x0, 0x0, 0x0,
    0x0, 0x0, 0x0, 0x0, 0x0, 0x0, 0x0, 0x0,
    0x0, 0x0, 0x0, 0x0, 0x94, 0xff, 0x74, 0x0,
    0x0, 0x0, 0x0, 0x0, 0x0, 0x0, 0x0, 0x0,
    0x0, 0x0, 0x0, 0x0, 0x0, 0x0, 0x0, 0x94,
    0xff, 0x74, 0x0, 0x0, 0x0, 0x0, 0x0, 0x0,
    0x0, 0x0, 0x0, 0x0, 0x0, 0x0, 0x0, 0x0,
    0x0, 0x0, 0x94, 0xff, 0x74, 0x0, 0x0, 0x0,
    0x0, 0x0, 0x0, 0x0, 0x0, 0x0, 0x0, 0x0,
    0x0, 0x0, 0x0, 0x0, 0x0, 0x94, 0xff, 0x74,
    0x0, 0x0, 0x0, 0x0, 0x0, 0x0, 0x0, 0x0,
    0x0, 0x0, 0x0, 0x0, 0x0, 0x0, 0x0, 0x0,
    0x94, 0xff, 0x81, 0x18, 0x18, 0x18, 0x18, 0x18,
    0x18, 0x18, 0x18, 0x18, 0x18, 0x18, 0x18, 0x18,
    0x18, 0x18, 0xa, 0x94, 0xff, 0xff, 0xff, 0xff,
    0xff, 0xff, 0xff, 0xff, 0xff, 0xff, 0xff, 0xff,
    0xff, 0xff, 0xff, 0xff, 0xff, 0x6c, 0x94, 0xff,
    0xff, 0xff, 0xff, 0xff, 0xff, 0xff, 0xff, 0xff,
    0xff, 0xff, 0xff, 0xff, 0xff, 0xff, 0xff, 0xff,
    0x6c,

    /* U+004D "M" */
    0x98, 0xff, 0xff, 0x92, 0x0, 0x0, 0x0, 0x0,
    0x0, 0x0, 0x0, 0x0, 0x0, 0x0, 0x0, 0x0,
    0x0, 0x49, 0xfe, 0xff, 0xe8, 0x98, 0xff, 0xff,
    0xff, 0x5f, 0x0, 0x0, 0x0, 0x0, 0x0, 0x0,
    0x0, 0x0, 0x0, 0x0, 0x0, 0x23, 0xee, 0xff,
    0xff, 0xe8, 0x98, 0xff, 0xde, 0xff, 0xf7, 0x33,
    0x0, 0x0, 0x0, 0x0, 0x0, 0x0, 0x0, 0x0,
    0x0, 0xb, 0xd2, 0xff, 0xde, 0xff, 0xe8, 0x98,
    0xff, 0x6e, 0xb7, 0xff, 0xe1, 0x15, 0x0, 0x0,
    0x0, 0x0, 0x0, 0x0, 0x0, 0x1, 0xa9, 0xff,
    0xe9, 0x3b, 0xff, 0xe8, 0x98, 0xff, 0x6c, 0x10,
    0xdc, 0xff, 0xbf, 0x4, 0x0, 0x0, 0x0, 0x0,
    0x0, 0x0, 0x75, 0xff, 0xfb, 0x3e, 0x20, 0xff,
    0xe8, 0x98, 0xff, 0x6c, 0x0, 0x2b, 0xf4, 0xff,
    0x8f, 0x0, 0x0, 0x0, 0x0, 0x0, 0x43, 0xfc,
    0xff, 0x6c, 0x0, 0x20, 0xff, 0xe8, 0x98, 0xff,
    0x6c, 0x0, 0x0, 0x55, 0xff, 0xff, 0x5a, 0x0,
    0x0, 0x0, 0x1f, 0xeb, 0xff, 0xa1, 0x0, 0x0,
    0x20, 0xff, 0xe8, 0x98, 0xff, 0x6c, 0x0, 0x0,
    0x0, 0x87, 0xff, 0xf6, 0x30, 0x0, 0x9, 0xcd,
    0xff, 0xcd, 0x8, 0x0, 0x0, 0x20, 0xff, 0xe8,
    0x98, 0xff, 0x6c, 0x0, 0x0, 0x0, 0x3, 0xb9,
    0xff, 0xdf, 0x12, 0xa3, 0xff, 0xeb, 0x1f, 0x0,
    0x0, 0x0, 0x20, 0xff, 0xe8, 0x98, 0xff, 0x6c,
    0x0, 0x0, 0x0, 0x0, 0x12, 0xde, 0xff, 0xe1,
    0xff, 0xfc, 0x41, 0x0, 0x0, 0x0, 0x0, 0x20,
    0xff, 0xe8, 0x98, 0xff, 0x6c, 0x0, 0x0, 0x0,
    0x0, 0x0, 0x2e, 0xf5, 0xff, 0xff, 0x71, 0x0,
    0x0, 0x0, 0x0, 0x0, 0x20, 0xff, 0xe8, 0x98,
    0xff, 0x6c, 0x0, 0x0, 0x0, 0x0, 0x0, 0x0,
    0x57, 0xff, 0xa7, 0x0, 0x0, 0x0, 0x0, 0x0,
    0x0, 0x20, 0xff, 0xe8, 0x98, 0xff, 0x6c, 0x0,
    0x0, 0x0, 0x0, 0x0, 0x0, 0x0, 0x69, 0xa,
    0x0, 0x0, 0x0, 0x0, 0x0, 0x0, 0x20, 0xff,
    0xe8, 0x98, 0xff, 0x6c, 0x0, 0x0, 0x0, 0x0,
    0x0, 0x0, 0x0, 0x0, 0x0, 0x0, 0x0, 0x0,
    0x0, 0x0, 0x0, 0x20, 0xff, 0xe8, 0x98, 0xff,
    0x6c, 0x0, 0x0, 0x0, 0x0, 0x0, 0x0, 0x0,
    0x0, 0x0, 0x0, 0x0, 0x0, 0x0, 0x0, 0x0,
    0x20, 0xff, 0xe8, 0x98, 0xff, 0x6c, 0x0, 0x0,
    0x0, 0x0, 0x0, 0x0, 0x0, 0x0, 0x0, 0x0,
    0x0, 0x0, 0x0, 0x0, 0x0, 0x20, 0xff, 0xe8,
    0x98, 0xff, 0x6c, 0x0, 0x0, 0x0, 0x0, 0x0,
    0x0, 0x0, 0x0, 0x0, 0x0, 0x0, 0x0, 0x0,
    0x0, 0x0, 0x20, 0xff, 0xe8, 0x98, 0xff, 0x6c,
    0x0, 0x0, 0x0, 0x0, 0x0, 0x0, 0x0, 0x0,
    0x0, 0x0, 0x0, 0x0, 0x0, 0x0, 0x0, 0x20,
    0xff, 0xe8, 0x98, 0xff, 0x6c, 0x0, 0x0, 0x0,
    0x0, 0x0, 0x0, 0x0, 0x0, 0x0, 0x0, 0x0,
    0x0, 0x0, 0x0, 0x0, 0x20, 0xff, 0xe8,

    /* U+004E "N" */
    0x98, 0xff, 0xff, 0x92, 0x0, 0x0, 0x0, 0x0,
    0x0, 0x0, 0x0, 0x0, 0x0, 0x0, 0x0, 0x0,
    0xa0, 0xff, 0x68, 0x98, 0xff, 0xff, 0xff, 0x5e,
    0x0, 0x0, 0x0, 0x0, 0x0, 0x0, 0x0, 0x0,
    0x0, 0x0, 0x0, 0xa0, 0xff, 0x68, 0x98, 0xff,
    0xde, 0xff, 0xf7, 0x33, 0x0, 0x0, 0x0, 0x0,
    0x0, 0x0, 0x0, 0x0, 0x0, 0x0, 0xa0, 0xff,
    0x68, 0x98, 0xff, 0x6e, 0xb7, 0xff, 0xe1, 0x15,
    0x0, 0x0, 0x0, 0x0, 0x0, 0x0, 0x0, 0x0,
    0x0, 0xa0, 0xff, 0x68, 0x98, 0xff, 0x6c, 0x10,
    0xdc, 0xff, 0xbf, 0x4, 0x0, 0x0, 0x0, 0x0,
    0x0, 0x0, 0x0, 0x0, 0xa0, 0xff, 0x68, 0x98,
    0xff, 0x6c, 0x0, 0x2d, 0xf4, 0xff, 0x8e, 0x0,
    0x0, 0x0, 0x0, 0x0, 0x0, 0x0, 0x0, 0xa0,
    0xff, 0x68, 0x98, 0xff, 0x6c, 0x0, 0x0, 0x55,
    0xff, 0xff, 0x59, 0x0, 0x0, 0x0, 0x0, 0x0,
    0x0, 0x0, 0xa0, 0xff, 0x68, 0x98, 0xff, 0x6c,
    0x0, 0x0, 0x0, 0x89, 0xff, 0xf6, 0x2e, 0x0,
    0x0, 0x0, 0x0, 0x0, 0x0, 0xa0, 0xff, 0x68,
    0x98, 0xff, 0x6c, 0x0, 0x0, 0x0, 0x3, 0xba,
    0xff, 0xde, 0x12, 0x0, 0x0, 0x0, 0x0, 0x0,
    0xa0, 0xff, 0x68, 0x98, 0xff, 0x6c, 0x0, 0x0,
    0x0, 0x0, 0x12, 0xde, 0xff, 0xba, 0x3, 0x0,
    0x0, 0x0, 0x0, 0xa0, 0xff, 0x68, 0x98, 0xff,
    0x6c, 0x0, 0x0, 0x0, 0x0, 0x0, 0x2e, 0xf6,
    0xff, 0x89, 0x0, 0x0, 0x0, 0x0, 0xa0, 0xff,
    0x68, 0x98, 0xff, 0x6c, 0x0, 0x0, 0x0, 0x0,
    0x0, 0x0, 0x59, 0xff, 0xff, 0x55, 0x0, 0x0,
    0x0, 0xa0, 0xff, 0x68, 0x98, 0xff, 0x6c, 0x0,
    0x0, 0x0, 0x0, 0x0, 0x0, 0x0, 0x8e, 0xff,
    0xf4, 0x2d, 0x0, 0x0, 0xa0, 0xff, 0x68, 0x98,
    0xff, 0x6c, 0x0, 0x0, 0x0, 0x0, 0x0, 0x0,
    0x0, 0x4, 0xbf, 0xff, 0xdc, 0x10, 0x0, 0xa0,
    0xff, 0x68, 0x98, 0xff, 0x6c, 0x0, 0x0, 0x0,
    0x0, 0x0, 0x0, 0x0, 0x0, 0x15, 0xe1, 0xff,
    0xb7, 0x2, 0xa0, 0xff, 0x68, 0x98, 0xff, 0x6c,
    0x0, 0x0, 0x0, 0x0, 0x0, 0x0, 0x0, 0x0,
    0x0, 0x33, 0xf7, 0xff, 0x84, 0xa0, 0xff, 0x68,
    0x98, 0xff, 0x6c, 0x0, 0x0, 0x0, 0x0, 0x0,
    0x0, 0x0, 0x0, 0x0, 0x0, 0x5e, 0xff, 0xff,
    0xdf, 0xff, 0x68, 0x98, 0xff, 0x6c, 0x0, 0x0,
    0x0, 0x0, 0x0, 0x0, 0x0, 0x0, 0x0, 0x0,
    0x0, 0x92, 0xff, 0xff, 0xff, 0x68, 0x98, 0xff,
    0x6c, 0x0, 0x0, 0x0, 0x0, 0x0, 0x0, 0x0,
    0x0, 0x0, 0x0, 0x0, 0x5, 0xc2, 0xff, 0xff,
    0x68,

    /* U+004F "O" */
    0x0, 0x50, 0xda, 0xff, 0xff, 0xff, 0xff, 0xff,
    0xff, 0xff, 0xff, 0xff, 0xff, 0xff, 0xff, 0xfc,
    0xbe, 0x24, 0x0, 0x33, 0xfc, 0xff, 0xff, 0xff,
    0xff, 0xff, 0xff, 0xff, 0xff, 0xff, 0xff, 0xff,
    0xff, 0xff, 0xff, 0xff, 0xdc, 0x6, 0x93, 0xff,
    0xa5, 0x1a, 0x18, 0x18, 0x18, 0x18, 0x18, 0x18,
    0x18, 0x18, 0x18, 0x18, 0x18, 0x26, 0xde, 0xff,
    0x43, 0xa8, 0xff, 0x60, 0x0, 0x0, 0x0, 0x0,
    0x0, 0x0, 0x0, 0x0, 0x0, 0x0, 0x0, 0x0,
    0x0, 0xac, 0xff, 0x58, 0xa8, 0xff, 0x60, 0x0,
    0x0, 0x0, 0x0, 0x0, 0x0, 0x0, 0x0, 0x0,
    0x0, 0x0, 0x0, 0x0, 0xac, 0xff, 0x58, 0xa8,
    0xff, 0x60, 0x0, 0x0, 0x0, 0x0, 0x0, 0x0,
    0x0, 0x0, 0x0, 0x0, 0x0, 0x0, 0x0, 0xac,
    0xff, 0x58, 0xa8, 0xff, 0x60, 0x0, 0x0, 0x0,
    0x0, 0x0, 0x0, 0x0, 0x0, 0x0, 0x0, 0x0,
    0x0, 0x0, 0xac, 0xff, 0x58, 0xa8, 0xff, 0x60,
    0x0, 0x0, 0x0, 0x0, 0x0, 0x0, 0x0, 0x0,
    0x0, 0x0, 0x0, 0x0, 0x0, 0xac, 0xff, 0x58,
    0xa8, 0xff, 0x60, 0x0, 0x0, 0x0, 0x0, 0x0,
    0x0, 0x0, 0x0, 0x0, 0x0, 0x0, 0x0, 0x0,
    0xac, 0xff, 0x58, 0xa8, 0xff, 0x60, 0x0, 0x0,
    0x0, 0x0, 0x0, 0x0, 0x0, 0x0, 0x0, 0x0,
    0x0, 0x0, 0x0, 0xac, 0xff, 0x58, 0xa8, 0xff,
    0x60, 0x0, 0x0, 0x0, 0x0, 0x0, 0x0, 0x0,
    0x0, 0x0, 0x0, 0x0, 0x0, 0x0, 0xac, 0xff,
    0x58, 0xa8, 0xff, 0x60, 0x0, 0x0, 0x0, 0x0,
    0x0, 0x0, 0x0, 0x0, 0x0, 0x0, 0x0, 0x0,
    0x0, 0xac, 0xff, 0x58, 0xa8, 0xff, 0x60, 0x0,
    0x0, 0x0, 0x0, 0x0, 0x0, 0x0, 0x0, 0x0,
    0x0, 0x0, 0x0, 0x0, 0xac, 0xff, 0x58, 0xa8,
    0xff, 0x60, 0x0, 0x0, 0x0, 0x0, 0x0, 0x0,
    0x0, 0x0, 0x0, 0x0, 0x0, 0x0, 0x0, 0xac,
    0xff, 0x58, 0xa8, 0xff, 0x60, 0x0, 0x0, 0x0,
    0x0, 0x0, 0x0, 0x0, 0x0, 0x0, 0x0, 0x0,
    0x0, 0x0, 0xac, 0xff, 0x58, 0xa8, 0xff, 0x60,
    0x0, 0x0, 0x0, 0x0, 0x0, 0x0, 0x0, 0x0,
    0x0, 0x0, 0x0, 0x0, 0x0, 0xac, 0xff, 0x58,
    0x93, 0xff, 0xa5, 0x1a, 0x18, 0x18, 0x18, 0x18,
    0x18, 0x18, 0x18, 0x18, 0x18, 0x18, 0x18, 0x26,
    0xde, 0xff, 0x43, 0x33, 0xfc, 0xff, 0xff, 0xff,
    0xff, 0xff, 0xff, 0xff, 0xff, 0xff, 0xff, 0xff,
    0xff, 0xff, 0xff, 0xff, 0xdc, 0x6, 0x0, 0x50,
    0xda, 0xff, 0xff, 0xff, 0xff, 0xff, 0xff, 0xff,
    0xff, 0xff, 0xff, 0xff, 0xff, 0xfc, 0xbe, 0x24,
    0x0,

    /* U+0050 "P" */
    0x98, 0xff, 0xff, 0xff, 0xff, 0xff, 0xff, 0xff,
    0xff, 0xff, 0xff, 0xff, 0xff, 0xff, 0xff, 0xfc,
    0xbf, 0x24, 0x0, 0x98, 0xff, 0xff, 0xff, 0xff,
    0xff, 0xff, 0xff, 0xff, 0xff, 0xff, 0xff, 0xff,
    0xff, 0xff, 0xff, 0xff, 0xdf, 0x9, 0x98, 0xff,
    0xb1, 0x1b, 0x18, 0x18, 0x18, 0x18, 0x18, 0x18,
    0x18, 0x18, 0x18, 0x18, 0x18, 0x23, 0xd8, 0xff,
    0x50, 0x98, 0xff, 0x6c, 0x0, 0x0, 0x0, 0x0,
    0x0, 0x0, 0x0, 0x0, 0x0, 0x0, 0x0, 0x0,
    0x0, 0xa0, 0xff, 0x68, 0x98, 0xff, 0x6c, 0x0,
    0x0, 0x0, 0x0, 0x0, 0x0, 0x0, 0x0, 0x0,
    0x0, 0x0, 0x0, 0x0, 0xa0, 0xff, 0x68, 0x98,
    0xff, 0x6c, 0x0, 0x0, 0x0, 0x0, 0x0, 0x0,
    0x0, 0x0, 0x0, 0x0, 0x0, 0x0, 0x0, 0xa0,
    0xff, 0x68, 0x98, 0xff, 0x6c, 0x0, 0x0, 0x0,
    0x0, 0x0, 0x0, 0x0, 0x0, 0x0, 0x0, 0x0,
    0x0, 0x0, 0xa0, 0xff, 0x68, 0x98, 0xff, 0x6c,
    0x0, 0x0, 0x0, 0x0, 0x0, 0x0, 0x0, 0x0,
    0x0, 0x0, 0x0, 0x0, 0x0, 0xa0, 0xff, 0x68,
    0x98, 0xff, 0x6c, 0x0, 0x0, 0x0, 0x0, 0x0,
    0x0, 0x0, 0x0, 0x0, 0x0, 0x0, 0x0, 0x0,
    0xa0, 0xff, 0x68, 0x98, 0xff, 0xa1, 0x3, 0x0,
    0x0, 0x0, 0x0, 0x0, 0x0, 0x0, 0x0, 0x0,
    0x0, 0x0, 0xb, 0xcd, 0xff, 0x57, 0x98, 0xff,
    0xff, 0xff, 0xff, 0xff, 0xff, 0xff, 0xff, 0xff,
    0xff, 0xff, 0xff, 0xff, 0xff, 0xff, 0xff, 0xec,
    0xf, 0x98, 0xff, 0xff, 0xff, 0xff, 0xff, 0xff,
    0xff, 0xff, 0xff, 0xff, 0xff, 0xff, 0xff, 0xff,
    0xff, 0xdd, 0x38, 0x0, 0x98, 0xff, 0x7c, 0x1c,
    0x1c, 0x1c, 0x1c, 0x1c, 0x1c, 0x1c, 0x1c, 0x1c,
    0x1c, 0x1c, 0x1c, 0x18, 0x1, 0x0, 0x0, 0x98,
    0xff, 0x6c, 0x0, 0x0, 0x0, 0x0, 0x0, 0x0,
    0x0, 0x0, 0x0, 0x0, 0x0, 0x0, 0x0, 0x0,
    0x0, 0x0, 0x98, 0xff, 0x6c, 0x0, 0x0, 0x0,
    0x0, 0x0, 0x0, 0x0, 0x0, 0x0, 0x0, 0x0,
    0x0, 0x0, 0x0, 0x0, 0x0, 0x98, 0xff, 0x6c,
    0x0, 0x0, 0x0, 0x0, 0x0, 0x0, 0x0, 0x0,
    0x0, 0x0, 0x0, 0x0, 0x0, 0x0, 0x0, 0x0,
    0x98, 0xff, 0x6c, 0x0, 0x0, 0x0, 0x0, 0x0,
    0x0, 0x0, 0x0, 0x0, 0x0, 0x0, 0x0, 0x0,
    0x0, 0x0, 0x0, 0x98, 0xff, 0x6c, 0x0, 0x0,
    0x0, 0x0, 0x0, 0x0, 0x0, 0x0, 0x0, 0x0,
    0x0, 0x0, 0x0, 0x0, 0x0, 0x0, 0x98, 0xff,
    0x6c, 0x0, 0x0, 0x0, 0x0, 0x0, 0x0, 0x0,
    0x0, 0x0, 0x0, 0x0, 0x0, 0x0, 0x0, 0x0,
    0x0,

    /* U+0051 "Q" */
    0x0, 0x50, 0xda, 0xff, 0xff, 0xff, 0xff, 0xff,
    0xff, 0xff, 0xff, 0xff, 0xff, 0xff, 0xff, 0xfc,
    0xbe, 0x24, 0x0, 0x0, 0x0, 0x33, 0xfc, 0xff,
    0xff, 0xff, 0xff, 0xff, 0xff, 0xff, 0xff, 0xff,
    0xff, 0xff, 0xff, 0xff, 0xff, 0xff, 0xdc, 0x6,
    0x0, 0x0, 0x93, 0xff, 0xa5, 0x1a, 0x18, 0x18,
    0x18, 0x18, 0x18, 0x18, 0x18, 0x18, 0x18, 0x18,
    0x18, 0x26, 0xde, 0xff, 0x43, 0x0, 0x0, 0xa8,
    0xff, 0x60, 0x0, 0x0, 0x0, 0x0, 0x0, 0x0,
    0x0, 0x0, 0x0, 0x0, 0x0, 0x0, 0x0, 0xac,
    0xff, 0x58, 0x0, 0x0, 0xa8, 0xff, 0x60, 0x0,
    0x0, 0x0, 0x0, 0x0, 0x0, 0x0, 0x0, 0x0,
    0x0, 0x0, 0x0, 0x0, 0xac, 0xff, 0x58, 0x0,
    0x0, 0xa8, 0xff, 0x60, 0x0, 0x0, 0x0, 0x0,
    0x0, 0x0, 0x0, 0x0, 0x0, 0x0, 0x0, 0x0,
    0x0, 0xac, 0xff, 0x58, 0x0, 0x0, 0xa8, 0xff,
    0x60, 0x0, 0x0, 0x0, 0x0, 0x0, 0x0, 0x0,
    0x0, 0x0, 0x0, 0x0, 0x0, 0x0, 0xac, 0xff,
    0x58, 0x0, 0x0, 0xa8, 0xff, 0x60, 0x0, 0x0,
    0x0, 0x0, 0x0, 0x0, 0x0, 0x0, 0x0, 0x0,
    0x0, 0x0, 0x0, 0xac, 0xff, 0x58, 0x0, 0x0,
    0xa8, 0xff, 0x60, 0x0, 0x0, 0x0, 0x0, 0x0,
    0x0, 0x0, 0x0, 0x0, 0x0, 0x0, 0x0, 0x0,
    0xac, 0xff, 0x58, 0x0, 0x0, 0xa8, 0xff, 0x60,
    0x0, 0x0, 0x0, 0x0, 0x0, 0x0, 0x0, 0x0,
    0x0, 0x0, 0x0, 0x0, 0x0, 0xac, 0xff, 0x58,
    0x0, 0x0, 0xa8, 0xff, 0x60, 0x0, 0x0, 0x0,
    0x0, 0x0, 0x0, 0x0, 0x0, 0x0, 0x0, 0x0,
    0x0, 0x0, 0xac, 0xff, 0x58, 0x0, 0x0, 0xa8,
    0xff, 0x60, 0x0, 0x0, 0x0, 0x0, 0x0, 0x0,
    0x0, 0x0, 0x0, 0x0, 0x0, 0x0, 0x0, 0xac,
    0xff, 0x58, 0x0, 0x0, 0xa8, 0xff, 0x60, 0x0,
    0x0, 0x0, 0x0, 0x0, 0x0, 0x0, 0x0, 0x0,
    0x0, 0x0, 0x0, 0x0, 0xac, 0xff, 0x58, 0x0,
    0x0, 0xa8, 0xff, 0x60, 0x0, 0x0, 0x0, 0x0,
    0x0, 0x0, 0x0, 0x0, 0x0, 0x0, 0x0, 0x0,
    0x0, 0xac, 0xff, 0x58, 0x0, 0x0, 0xa8, 0xff,
    0x60, 0x0, 0x0, 0x0, 0x0, 0x0, 0x0, 0x0,
    0x0, 0x0, 0x0, 0x0, 0x0, 0x0, 0xac, 0xff,
    0x58, 0x0, 0x0, 0xa8, 0xff, 0x60, 0x0, 0x0,
    0x0, 0x0, 0x0, 0x0, 0x0, 0x0, 0x0, 0x0,
    0x0, 0x0, 0x0, 0xac, 0xff, 0x5c, 0x0, 0x0,
    0x93, 0xff, 0xa5, 0x1a, 0x18, 0x18, 0x18, 0x18,
    0x18, 0x18, 0x18, 0x18, 0x18, 0x18, 0x18, 0x26,
    0xde, 0xff, 0x70, 0x18, 0x11, 0x33, 0xfc, 0xff,
    0xff, 0xff, 0xff, 0xff, 0xff, 0xff, 0xff, 0xff,
    0xff, 0xff, 0xff, 0xff, 0xff, 0xff, 0xff, 0xff,
    0xff, 0xb4, 0x0, 0x50, 0xda, 0xff, 0xff, 0xff,
    0xff, 0xff, 0xff, 0xff, 0xff, 0xff, 0xff, 0xff,
    0xff, 0xff, 0xff, 0xff, 0xff, 0xff, 0xb4,

    /* U+0052 "R" */
    0x98, 0xff, 0xff, 0xff, 0xff, 0xff, 0xff, 0xff,
    0xff, 0xff, 0xff, 0xff, 0xff, 0xff, 0xff, 0xfc,
    0xbf, 0x24, 0x0, 0x98, 0xff, 0xff, 0xff, 0xff,
    0xff, 0xff, 0xff, 0xff, 0xff, 0xff, 0xff, 0xff,
    0xff, 0xff, 0xff, 0xff, 0xdf, 0x9, 0x98, 0xff,
    0xb1, 0x1b, 0x18, 0x18, 0x18, 0x18, 0x18, 0x18,
    0x18, 0x18, 0x18, 0x18, 0x18, 0x23, 0xd8, 0xff,
    0x50, 0x98, 0xff, 0x6c, 0x0, 0x0, 0x0, 0x0,
    0x0, 0x0, 0x0, 0x0, 0x0, 0x0, 0x0, 0x0,
    0x0, 0xa0, 0xff, 0x68, 0x98, 0xff, 0x6c, 0x0,
    0x0, 0x0, 0x0, 0x0, 0x0, 0x0, 0x0, 0x0,
    0x0, 0x0, 0x0, 0x0, 0xa0, 0xff, 0x68, 0x98,
    0xff, 0x6c, 0x0, 0x0, 0x0, 0x0, 0x0, 0x0,
    0x0, 0x0, 0x0, 0x0, 0x0, 0x0, 0x0, 0xa0,
    0xff, 0x68, 0x98, 0xff, 0x6c, 0x0, 0x0, 0x0,
    0x0, 0x0, 0x0, 0x0, 0x0, 0x0, 0x0, 0x0,
    0x0, 0x0, 0xa0, 0xff, 0x68, 0x98, 0xff, 0x6c,
    0x0, 0x0, 0x0, 0x0, 0x0, 0x0, 0x0, 0x0,
    0x0, 0x0, 0x0, 0x0, 0x0, 0xa0, 0xff, 0x68,
    0x98, 0xff, 0x6c, 0x0, 0x0, 0x0, 0x0, 0x0,
    0x0, 0x0, 0x0, 0x0, 0x0, 0x0, 0x0, 0x0,
    0xa0, 0xff, 0x68, 0x98, 0xff, 0xa1, 0x3, 0x0,
    0x0, 0x0, 0x0, 0x0, 0x0, 0x0, 0x0, 0x0,
    0x0, 0x0, 0xb, 0xcd, 0xff, 0x57, 0x98, 0xff,
    0xff, 0xff, 0xff, 0xff, 0xff, 0xff, 0xff, 0xff,
    0xff, 0xff, 0xff, 0xff, 0xff, 0xff, 0xff, 0xec,
    0xf, 0x98, 0xff, 0xff, 0xff, 0xff, 0xff, 0xff,
    0xff, 0xff, 0xff, 0xff, 0xff, 0xff, 0xff, 0xff,
    0xff, 0xdd, 0x38, 0x0, 0x98, 0xff, 0x7c, 0x1c,
    0x1c, 0x1c, 0x1c, 0x1c, 0x1c, 0x1f, 0xb7, 0xff,
    0xeb, 0x2f, 0x1c, 0x18, 0x1, 0x0, 0x0, 0x98,
    0xff, 0x6c, 0x0, 0x0, 0x0, 0x0, 0x0, 0x0,
    0x0, 0x10, 0xd9, 0xff, 0xbe, 0x5, 0x0, 0x0,
    0x0, 0x0, 0x98, 0xff, 0x6c, 0x0, 0x0, 0x0,
    0x0, 0x0, 0x0, 0x0, 0x0, 0x26, 0xf0, 0xff,
    0x96, 0x0, 0x0, 0x0, 0x0, 0x98, 0xff, 0x6c,
    0x0, 0x0, 0x0, 0x0, 0x0, 0x0, 0x0, 0x0,
    0x0, 0x49, 0xfd, 0xff, 0x69, 0x0, 0x0, 0x0,
    0x98, 0xff, 0x6c, 0x0, 0x0, 0x0, 0x0, 0x0,
    0x0, 0x0, 0x0, 0x0, 0x0, 0x74, 0xff, 0xfb,
    0x3f, 0x0, 0x0, 0x98, 0xff, 0x6c, 0x0, 0x0,
    0x0, 0x0, 0x0, 0x0, 0x0, 0x0, 0x0, 0x0,
    0x0, 0xa2, 0xff, 0xeb, 0x21, 0x0, 0x98, 0xff,
    0x6c, 0x0, 0x0, 0x0, 0x0, 0x0, 0x0, 0x0,
    0x0, 0x0, 0x0, 0x0, 0x8, 0xca, 0xff, 0xd2,
    0xc,

    /* U+0053 "S" */
    0x0, 0x58, 0xdf, 0xff, 0xff, 0xff, 0xff, 0xff,
    0xff, 0xff, 0xff, 0xff, 0xff, 0xff, 0xff, 0xfa,
    0xb5, 0x19, 0x0, 0x3c, 0xfe, 0xff, 0xff, 0xff,
    0xff, 0xff, 0xff, 0xff, 0xff, 0xff, 0xff, 0xff,
    0xff, 0xff, 0xff, 0xff, 0xca, 0x1, 0x9f, 0xff,
    0x99, 0x19, 0x18, 0x18, 0x18, 0x18, 0x18, 0x18,
    0x18, 0x18, 0x18, 0x18, 0x18, 0x2e, 0xed, 0xff,
    0x30, 0xb7, 0xff, 0x4c, 0x0, 0x0, 0x0, 0x0,
    0x0, 0x0, 0x0, 0x0, 0x0, 0x0, 0x0, 0x0,
    0x0, 0xc0, 0xff, 0x48, 0xb8, 0xff, 0x4c, 0x0,
    0x0, 0x0, 0x0, 0x0, 0x0, 0x0, 0x0, 0x0,
    0x0, 0x0, 0x0, 0x0, 0x0, 0x0, 0x0, 0xb8,
    0xff, 0x4c, 0x0, 0x0, 0x0, 0x0, 0x0, 0x0,
    0x0, 0x0, 0x0, 0x0, 0x0, 0x0, 0x0, 0x0,
    0x0, 0x0, 0xb8, 0xff, 0x4c, 0x0, 0x0, 0x0,
    0x0, 0x0, 0x0, 0x0, 0x0, 0x0, 0x0, 0x0,
    0x0, 0x0, 0x0, 0x0, 0x0, 0xb7, 0xff, 0x4c,
    0x0, 0x0, 0x0, 0x0, 0x0, 0x0, 0x0, 0x0,
    0x0, 0x0, 0x0, 0x0, 0x0, 0x0, 0x0, 0x0,
    0x9e, 0xff, 0x9b, 0x21, 0x20, 0x20, 0x20, 0x20,
    0x20, 0x20, 0x20, 0x20, 0x20, 0x20, 0x20, 0x1a,
    0x1, 0x0, 0x0, 0x39, 0xfd, 0xff, 0xff, 0xff,
    0xff, 0xff, 0xff, 0xff, 0xff, 0xff, 0xff, 0xff,
    0xff, 0xff, 0xff, 0xd4, 0x2c, 0x0, 0x0, 0x55,
    0xdf, 0xff, 0xff, 0xff, 0xff, 0xff, 0xff, 0xff,
    0xff, 0xff, 0xff, 0xff, 0xff, 0xff, 0xff, 0xe2,
    0x7, 0x0, 0x0, 0x0, 0x0, 0x0, 0x0, 0x0,
    0x0, 0x0, 0x0, 0x0, 0x0, 0x0, 0x0, 0x0,
    0x13, 0xe1, 0xff, 0x3d, 0x0, 0x0, 0x0, 0x0,
    0x0, 0x0, 0x0, 0x0, 0x0, 0x0, 0x0, 0x0,
    0x0, 0x0, 0x0, 0x0, 0xc0, 0xff, 0x48, 0x0,
    0x0, 0x0, 0x0, 0x0, 0x0, 0x0, 0x0, 0x0,
    0x0, 0x0, 0x0, 0x0, 0x0, 0x0, 0x0, 0xc0,
    0xff, 0x48, 0x0, 0x0, 0x0, 0x0, 0x0, 0x0,
    0x0, 0x0, 0x0, 0x0, 0x0, 0x0, 0x0, 0x0,
    0x0, 0x0, 0xc0, 0xff, 0x48, 0x8a, 0xc0, 0x39,
    0x0, 0x0, 0x0, 0x0, 0x0, 0x0, 0x0, 0x0,
    0x0, 0x0, 0x0, 0x0, 0x0, 0xc0, 0xff, 0x48,
    0xa7, 0xff, 0x90, 0x19, 0x18, 0x18, 0x18, 0x18,
    0x18, 0x18, 0x18, 0x18, 0x18, 0x18, 0x18, 0x2b,
    0xe8, 0xff, 0x37, 0x4b, 0xff, 0xff, 0xff, 0xff,
    0xff, 0xff, 0xff, 0xff, 0xff, 0xff, 0xff, 0xff,
    0xff, 0xff, 0xff, 0xff, 0xd6, 0x3, 0x0, 0x64,
    0xe2, 0xff, 0xff, 0xff, 0xff, 0xff, 0xff, 0xff,
    0xff, 0xff, 0xff, 0xff, 0xff, 0xfb, 0xb7, 0x1f,
    0x0,

    /* U+0054 "T" */
    0x80, 0xff, 0xff, 0xff, 0xff, 0xff, 0xff, 0xff,
    0xff, 0xff, 0xff, 0xff, 0xff, 0xff, 0xff, 0xff,
    0xff, 0xff, 0x80, 0x80, 0xff, 0xff, 0xff, 0xff,
    0xff, 0xff, 0xff, 0xff, 0xff, 0xff, 0xff, 0xff,
    0xff, 0xff, 0xff, 0xff, 0xff, 0x80, 0xc, 0x18,
    0x18, 0x18, 0x18, 0x18, 0x18, 0x18, 0x8c, 0xff,
    0x93, 0x18, 0x18, 0x18, 0x18, 0x18, 0x18, 0x18,
    0xc, 0x0, 0x0, 0x0, 0x0, 0x0, 0x0, 0x0,
    0x0, 0x80, 0xff, 0x88, 0x0, 0x0, 0x0, 0x0,
    0x0, 0x0, 0x0, 0x0, 0x0, 0x0, 0x0, 0x0,
    0x0, 0x0, 0x0, 0x0, 0x80, 0xff, 0x88, 0x0,
    0x0, 0x0, 0x0, 0x0, 0x0, 0x0, 0x0, 0x0,
    0x0, 0x0, 0x0, 0x0, 0x0, 0x0, 0x0, 0x80,
    0xff, 0x88, 0x0, 0x0, 0x0, 0x0, 0x0, 0x0,
    0x0, 0x0, 0x0, 0x0, 0x0, 0x0, 0x0, 0x0,
    0x0, 0x0, 0x80, 0xff, 0x88, 0x0, 0x0, 0x0,
    0x0, 0x0, 0x0, 0x0, 0x0, 0x0, 0x0, 0x0,
    0x0, 0x0, 0x0, 0x0, 0x0, 0x80, 0xff, 0x88,
    0x0, 0x0, 0x0, 0x0, 0x0, 0x0, 0x0, 0x0,
    0x0, 0x0, 0x0, 0x0, 0x0, 0x0, 0x0, 0x0,
    0x80, 0xff, 0x88, 0x0, 0x0, 0x0, 0x0, 0x0,
    0x0, 0x0, 0x0, 0x0, 0x0, 0x0, 0x0, 0x0,
    0x0, 0x0, 0x0, 0x80, 0xff, 0x88, 0x0, 0x0,
    0x0, 0x0, 0x0, 0x0, 0x0, 0x0, 0x0, 0x0,
    0x0, 0x0, 0x0, 0x0, 0x0, 0x0, 0x80, 0xff,
    0x88, 0x0, 0x0, 0x0, 0x0, 0x0, 0x0, 0x0,
    0x0, 0x0, 0x0, 0x0, 0x0, 0x0, 0x0, 0x0,
    0x0, 0x80, 0xff, 0x88, 0x0, 0x0, 0x0, 0x0,
    0x0, 0x0, 0x0, 0x0, 0x0, 0x0, 0x0, 0x0,
    0x0, 0x0, 0x0, 0x0, 0x80, 0xff, 0x88, 0x0,
    0x0, 0x0, 0x0, 0x0, 0x0, 0x0, 0x0, 0x0,
    0x0, 0x0, 0x0, 0x0, 0x0, 0x0, 0x0, 0x80,
    0xff, 0x88, 0x0, 0x0, 0x0, 0x0, 0x0, 0x0,
    0x0, 0x0, 0x0, 0x0, 0x0, 0x0, 0x0, 0x0,
    0x0, 0x0, 0x80, 0xff, 0x88, 0x0, 0x0, 0x0,
    0x0, 0x0, 0x0, 0x0, 0x0, 0x0, 0x0, 0x0,
    0x0, 0x0, 0x0, 0x0, 0x0, 0x80, 0xff, 0x88,
    0x0, 0x0, 0x0, 0x0, 0x0, 0x0, 0x0, 0x0,
    0x0, 0x0, 0x0, 0x0, 0x0, 0x0, 0x0, 0x0,
    0x80, 0xff, 0x88, 0x0, 0x0, 0x0, 0x0, 0x0,
    0x0, 0x0, 0x0, 0x0, 0x0, 0x0, 0x0, 0x0,
    0x0, 0x0, 0x0, 0x80, 0xff, 0x88, 0x0, 0x0,
    0x0, 0x0, 0x0, 0x0, 0x0, 0x0, 0x0, 0x0,
    0x0, 0x0, 0x0, 0x0, 0x0, 0x0, 0x80, 0xff,
    0x88, 0x0, 0x0, 0x0, 0x0, 0x0, 0x0, 0x0,
    0x0,

    /* U+0055 "U" */
    0xa8, 0xff, 0x60, 0x0, 0x0, 0x0, 0x0, 0x0,
    0x0, 0x0, 0x0, 0x0, 0x0, 0x0, 0x0, 0x0,
    0xac, 0xff, 0x58, 0xa8, 0xff, 0x60, 0x0, 0x0,
    0x0, 0x0, 0x0, 0x0, 0x0, 0x0, 0x0, 0x0,
    0x0, 0x0, 0x0, 0xac, 0xff, 0x58, 0xa8, 0xff,
    0x60, 0x0, 0x0, 0x0, 0x0, 0x0, 0x0, 0x0,
    0x0, 0x0, 0x0, 0x0, 0x0, 0x0, 0xac, 0xff,
    0x58, 0xa8, 0xff, 0x60, 0x0, 0x0, 0x0, 0x0,
    0x0, 0x0, 0x0, 0x0, 0x0, 0x0, 0x0, 0x0,
    0x0, 0xac, 0xff, 0x58, 0xa8, 0xff, 0x60, 0x0,
    0x0, 0x0, 0x0, 0x0, 0x0, 0x0, 0x0, 0x0,
    0x0, 0x0, 0x0, 0x0, 0xac, 0xff, 0x58, 0xa8,
    0xff, 0x60, 0x0, 0x0, 0x0, 0x0, 0x0, 0x0,
    0x0, 0x0, 0x0, 0x0, 0x0, 0x0, 0x0, 0xac,
    0xff, 0x58, 0xa8, 0xff, 0x60, 0x0, 0x0, 0x0,
    0x0, 0x0, 0x0, 0x0, 0x0, 0x0, 0x0, 0x0,
    0x0, 0x0, 0xac, 0xff, 0x58, 0xa8, 0xff, 0x60,
    0x0, 0x0, 0x0, 0x0, 0x0, 0x0, 0x0, 0x0,
    0x0, 0x0, 0x0, 0x0, 0x0, 0xac, 0xff, 0x58,
    0xa8, 0xff, 0x60, 0x0, 0x0, 0x0, 0x0, 0x0,
    0x0, 0x0, 0x0, 0x0, 0x0, 0x0, 0x0, 0x0,
    0xac, 0xff, 0x58, 0xa8, 0xff, 0x60, 0x0, 0x0,
    0x0, 0x0, 0x0, 0x0, 0x0, 0x0, 0x0, 0x0,
    0x0, 0x0, 0x0, 0xac, 0xff, 0x58, 0xa8, 0xff,
    0x60, 0x0, 0x0, 0x0, 0x0, 0x0, 0x0, 0x0,
    0x0, 0x0, 0x0, 0x0, 0x0, 0x0, 0xac, 0xff,
    0x58, 0xa8, 0xff, 0x60, 0x0, 0x0, 0x0, 0x0,
    0x0, 0x0, 0x0, 0x0, 0x0, 0x0, 0x0, 0x0,
    0x0, 0xac, 0xff, 0x58, 0xa8, 0xff, 0x60, 0x0,
    0x0, 0x0, 0x0, 0x0, 0x0, 0x0, 0x0, 0x0,
    0x0, 0x0, 0x0, 0x0, 0xac, 0xff, 0x58, 0xa8,
    0xff, 0x60, 0x0, 0x0, 0x0, 0x0, 0x0, 0x0,
    0x0, 0x0, 0x0, 0x0, 0x0, 0x0, 0x0, 0xac,
    0xff, 0x58, 0xa8, 0xff, 0x60, 0x0, 0x0, 0x0,
    0x0, 0x0, 0x0, 0x0, 0x0, 0x0, 0x0, 0x0,
    0x0, 0x0, 0xac, 0xff, 0x58, 0xa8, 0xff, 0x60,
    0x0, 0x0, 0x0, 0x0, 0x0, 0x0, 0x0, 0x0,
    0x0, 0x0, 0x0, 0x0, 0x0, 0xac, 0xff, 0x58,
    0x93, 0xff, 0xa5, 0x1a, 0x18, 0x18, 0x18, 0x18,
    0x18, 0x18, 0x18, 0x18, 0x18, 0x18, 0x18, 0x26,
    0xde, 0xff, 0x43, 0x33, 0xfc, 0xff, 0xff, 0xff,
    0xff, 0xff, 0xff, 0xff, 0xff, 0xff, 0xff, 0xff,
    0xff, 0xff, 0xff, 0xff, 0xdc, 0x6, 0x0, 0x50,
    0xda, 0xff, 0xff, 0xff, 0xff, 0xff, 0xff, 0xff,
    0xff, 0xff, 0xff, 0xff, 0xff, 0xfc, 0xbe, 0x24,
    0x0,

    /* U+0056 "V" */
    0x4, 0xd6, 0xff, 0x85, 0x0, 0x0, 0x0, 0x0,
    0x0, 0x0, 0x0, 0x0, 0x0, 0x0, 0x0, 0x0,
    0x0, 0x0, 0x0, 0x0, 0x0, 0x99, 0xff, 0xc5,
    0x1, 0x0, 0x4d, 0xff, 0xf6, 0x1b, 0x0, 0x0,
    0x0, 0x0, 0x0, 0x0, 0x0, 0x0, 0x0, 0x0,
    0x0, 0x0, 0x0, 0x0, 0x0, 0x28, 0xfc, 0xff,
    0x3b, 0x0, 0x0, 0x0, 0xc1, 0xff, 0x9d, 0x0,
    0x0, 0x0, 0x0, 0x0, 0x0, 0x0, 0x0, 0x0,
    0x0, 0x0, 0x0, 0x0, 0x0, 0x0, 0xb0, 0xff,
    0xae, 0x0, 0x0, 0x0, 0x0, 0x36, 0xff, 0xfd,
    0x2b, 0x0, 0x0, 0x0, 0x0, 0x0, 0x0, 0x0,
    0x0, 0x0, 0x0, 0x0, 0x0, 0x0, 0x3c, 0xff,
    0xfb, 0x27, 0x0, 0x0, 0x0, 0x0, 0x0, 0xa8,
    0xff, 0xb4, 0x0, 0x0, 0x0, 0x0, 0x0, 0x0,
    0x0, 0x0, 0x0, 0x0, 0x0, 0x0, 0x1, 0xc6,
    0xff, 0x96, 0x0, 0x0, 0x0, 0x0, 0x0, 0x0,
    0x22, 0xfa, 0xff, 0x3f, 0x0, 0x0, 0x0, 0x0,
    0x0, 0x0, 0x0, 0x0, 0x0, 0x0, 0x0, 0x52,
    0xff, 0xf3, 0x17, 0x0, 0x0, 0x0, 0x0, 0x0,
    0x0, 0x0, 0x90, 0xff, 0xca, 0x1, 0x0, 0x0,
    0x0, 0x0, 0x0, 0x0, 0x0, 0x0, 0x0, 0x4,
    0xd9, 0xff, 0x7f, 0x0, 0x0, 0x0, 0x0, 0x0,
    0x0, 0x0, 0x0, 0x13, 0xf0, 0xff, 0x56, 0x0,
    0x0, 0x0, 0x0, 0x0, 0x0, 0x0, 0x0, 0x0,
    0x68, 0xff, 0xe7, 0xc, 0x0, 0x0, 0x0, 0x0,
    0x0, 0x0, 0x0, 0x0, 0x0, 0x76, 0xff, 0xdc,
    0x5, 0x0, 0x0, 0x0, 0x0, 0x0, 0x0, 0x0,
    0xc, 0xe8, 0xff, 0x66, 0x0, 0x0, 0x0, 0x0,
    0x0, 0x0, 0x0, 0x0, 0x0, 0x0, 0x9, 0xe1,
    0xff, 0x6d, 0x0, 0x0, 0x0, 0x0, 0x0, 0x0,
    0x0, 0x7f, 0xff, 0xd6, 0x4, 0x0, 0x0, 0x0,
    0x0, 0x0, 0x0, 0x0, 0x0, 0x0, 0x0, 0x0,
    0x5e, 0xff, 0xeb, 0xe, 0x0, 0x0, 0x0, 0x0,
    0x0, 0x17, 0xf3, 0xff, 0x4d, 0x0, 0x0, 0x0,
    0x0, 0x0, 0x0, 0x0, 0x0, 0x0, 0x0, 0x0,
    0x0, 0x2, 0xd0, 0xff, 0x84, 0x0, 0x0, 0x0,
    0x0, 0x0, 0x96, 0xff, 0xc1, 0x0, 0x0, 0x0,
    0x0, 0x0, 0x0, 0x0, 0x0, 0x0, 0x0, 0x0,
    0x0, 0x0, 0x0, 0x45, 0xff, 0xf6, 0x1a, 0x0,
    0x0, 0x0, 0x25, 0xfb, 0xff, 0x37, 0x0, 0x0,
    0x0, 0x0, 0x0, 0x0, 0x0, 0x0, 0x0, 0x0,
    0x0, 0x0, 0x0, 0x0, 0x0, 0xb9, 0xff, 0x9c,
    0x0, 0x0, 0x0, 0xad, 0xff, 0xaa, 0x0, 0x0,
    0x0, 0x0, 0x0, 0x0, 0x0, 0x0, 0x0, 0x0,
    0x0, 0x0, 0x0, 0x0, 0x0, 0x0, 0x2f, 0xfe,
    0xfc, 0x2a, 0x0, 0x37, 0xff, 0xfa, 0x24, 0x0,
    0x0, 0x0, 0x0, 0x0, 0x0, 0x0, 0x0, 0x0,
    0x0, 0x0, 0x0, 0x0, 0x0, 0x0, 0x0, 0x0,
    0xa0, 0xff, 0xb2, 0x0, 0xc1, 0xff, 0x92, 0x0,
    0x0, 0x0, 0x0, 0x0, 0x0, 0x0, 0x0, 0x0,
    0x0, 0x0, 0x0, 0x0, 0x0, 0x0, 0x0, 0x0,
    0x0, 0x1c, 0xf7, 0xff, 0x8a, 0xff, 0xf1, 0x15,
    0x0, 0x0, 0x0, 0x0, 0x0, 0x0, 0x0, 0x0,
    0x0, 0x0, 0x0, 0x0, 0x0, 0x0, 0x0, 0x0,
    0x0, 0x0, 0x0, 0x87, 0xff, 0xff, 0xff, 0x7a,
    0x0, 0x0, 0x0, 0x0, 0x0, 0x0, 0x0, 0x0,
    0x0, 0x0, 0x0, 0x0, 0x0, 0x0, 0x0, 0x0,
    0x0, 0x0, 0x0, 0x0, 0xf, 0xeb, 0xff, 0xe4,
    0xa, 0x0, 0x0, 0x0, 0x0, 0x0, 0x0, 0x0,
    0x0, 0x0, 0x0,

    /* U+0057 "W" */
    0x6, 0xee, 0xff, 0x34, 0x0, 0x0, 0x0, 0x0,
    0x0, 0x0, 0x0, 0x0, 0x0, 0xa0, 0xff, 0xff,
    0x2c, 0x0, 0x0, 0x0, 0x0, 0x0, 0x0, 0x0,
    0x0, 0x0, 0xac, 0xff, 0x88, 0x0, 0x9b, 0xff,
    0x8c, 0x0, 0x0, 0x0, 0x0, 0x0, 0x0, 0x0,
    0x0, 0x7, 0xf1, 0xff, 0xff, 0x85, 0x0, 0x0,
    0x0, 0x0, 0x0, 0x0, 0x0, 0x0, 0xd, 0xf7,
    0xff, 0x2f, 0x0, 0x44, 0xff, 0xe3, 0x2, 0x0,
    0x0, 0x0, 0x0, 0x0, 0x0, 0x0, 0x51, 0xff,
    0xfb, 0xff, 0xdd, 0x1, 0x0, 0x0, 0x0, 0x0,
    0x0, 0x0, 0x0, 0x5b, 0xff, 0xd8, 0x0, 0x0,
    0x3, 0xe9, 0xff, 0x3e, 0x0, 0x0, 0x0, 0x0,
    0x0, 0x0, 0x0, 0xa8, 0xff, 0x8e, 0xf1, 0xff,
    0x36, 0x0, 0x0, 0x0, 0x0, 0x0, 0x0, 0x0,
    0xb2, 0xff, 0x80, 0x0, 0x0, 0x0, 0x94, 0xff,
    0x96, 0x0, 0x0, 0x0, 0x0, 0x0, 0x0, 0xb,
    0xf5, 0xff, 0x2e, 0x9f, 0xff, 0x8e, 0x0, 0x0,
    0x0, 0x0, 0x0, 0x0, 0x11, 0xf9, 0xff, 0x28,
    0x0, 0x0, 0x0, 0x3b, 0xff, 0xea, 0x4, 0x0,
    0x0, 0x0, 0x0, 0x0, 0x58, 0xff, 0xd6, 0x0,
    0x47, 0xff, 0xe6, 0x2, 0x0, 0x0, 0x0, 0x0,
    0x0, 0x62, 0xff, 0xce, 0x0, 0x0, 0x0, 0x0,
    0x1, 0xe2, 0xff, 0x46, 0x0, 0x0, 0x0, 0x0,
    0x0, 0xb2, 0xff, 0x7e, 0x0, 0x4, 0xea, 0xff,
    0x40, 0x0, 0x0, 0x0, 0x0, 0x0, 0xba, 0xff,
    0x76, 0x0, 0x0, 0x0, 0x0, 0x0, 0x8a, 0xff,
    0x9e, 0x0, 0x0, 0x0, 0x0, 0x10, 0xf9, 0xff,
    0x26, 0x0, 0x0, 0x96, 0xff, 0x98, 0x0, 0x0,
    0x0, 0x0, 0x16, 0xfc, 0xff, 0x1f, 0x0, 0x0,
    0x0, 0x0, 0x0, 0x32, 0xff, 0xf1, 0x7, 0x0,
    0x0, 0x0, 0x62, 0xff, 0xcc, 0x0, 0x0, 0x0,
    0x3e, 0xff, 0xed, 0x5, 0x0, 0x0, 0x0, 0x68,
    0xff, 0xc6, 0x0, 0x0, 0x0, 0x0, 0x0, 0x0,
    0x0, 0xda, 0xff, 0x50, 0x0, 0x0, 0x0, 0xba,
    0xff, 0x74, 0x0, 0x0, 0x0, 0x2, 0xe4, 0xff,
    0x4a, 0x0, 0x0, 0x0, 0xc0, 0xff, 0x6e, 0x0,
    0x0, 0x0, 0x0, 0x0, 0x0, 0x0, 0x82, 0xff,
    0xa8, 0x0, 0x0, 0x16, 0xfc, 0xfe, 0x1d, 0x0,
    0x0, 0x0, 0x0, 0x8e, 0xff, 0xa2, 0x0, 0x0,
    0x1a, 0xfe, 0xfd, 0x19, 0x0, 0x0, 0x0, 0x0,
    0x0, 0x0, 0x0, 0x2a, 0xff, 0xf5, 0xb, 0x0,
    0x6a, 0xff, 0xc4, 0x0, 0x0, 0x0, 0x0, 0x0,
    0x36, 0xff, 0xf3, 0x9, 0x0, 0x6f, 0xff, 0xbe,
    0x0, 0x0, 0x0, 0x0, 0x0, 0x0, 0x0, 0x0,
    0x0, 0xd2, 0xff, 0x58, 0x0, 0xc2, 0xff, 0x6a,
    0x0, 0x0, 0x0, 0x0, 0x0, 0x1, 0xdd, 0xff,
    0x54, 0x0, 0xc8, 0xff, 0x66, 0x0, 0x0, 0x0,
    0x0, 0x0, 0x0, 0x0, 0x0, 0x0, 0x7a, 0xff,
    0xb2, 0x1c, 0xfe, 0xfc, 0x16, 0x0, 0x0, 0x0,
    0x0, 0x0, 0x0, 0x85, 0xff, 0xad, 0x1f, 0xff,
    0xfb, 0x13, 0x0, 0x0, 0x0, 0x0, 0x0, 0x0,
    0x0, 0x0, 0x0, 0x23, 0xff, 0xf9, 0x83, 0xff,
    0xba, 0x0, 0x0, 0x0, 0x0, 0x0, 0x0, 0x0,
    0x2e, 0xff, 0xf7, 0x84, 0xff, 0xb4, 0x0, 0x0,
    0x0, 0x0, 0x0, 0x0, 0x0, 0x0, 0x0, 0x0,
    0x0, 0xc9, 0xff, 0xfa, 0xff, 0x62, 0x0, 0x0,
    0x0, 0x0, 0x0, 0x0, 0x0, 0x0, 0xd4, 0xff,
    0xfb, 0xff, 0x5c, 0x0, 0x0, 0x0, 0x0, 0x0,
    0x0, 0x0, 0x0, 0x0, 0x0, 0x0, 0x70, 0xff,
    0xff, 0xf9, 0x10, 0x0, 0x0, 0x0, 0x0, 0x0,
    0x0, 0x0, 0x0, 0x7c, 0xff, 0xff, 0xf7, 0xd,
    0x0, 0x0, 0x0, 0x0, 0x0, 0x0, 0x0, 0x0,
    0x0, 0x0, 0x0, 0x1a, 0xfe, 0xff, 0xb0, 0x0,
    0x0, 0x0, 0x0, 0x0, 0x0, 0x0, 0x0, 0x0,
    0x25, 0xff, 0xff, 0xac, 0x0, 0x0, 0x0, 0x0,
    0x0, 0x0, 0x0, 0x0, 0x0, 0x0, 0x0, 0x0,
    0x0, 0xc0, 0xff, 0x58, 0x0, 0x0, 0x0, 0x0,
    0x0, 0x0, 0x0, 0x0, 0x0, 0x0, 0xcc, 0xff,
    0x54, 0x0, 0x0, 0x0, 0x0, 0x0, 0x0,

    /* U+0058 "X" */
    0x71, 0xff, 0xf6, 0x30, 0x0, 0x0, 0x0, 0x0,
    0x0, 0x0, 0x0, 0x0, 0x0, 0x0, 0x2b, 0xf4,
    0xff, 0x80, 0x0, 0xa7, 0xff, 0xe1, 0x15, 0x0,
    0x0, 0x0, 0x0, 0x0, 0x0, 0x0, 0x0, 0x10,
    0xdb, 0xff, 0xb3, 0x2, 0x0, 0xa, 0xd2, 0xff,
    0xbe, 0x4, 0x0, 0x0, 0x0, 0x0, 0x0, 0x0,
    0x2, 0xb5, 0xff, 0xda, 0xf, 0x0, 0x0, 0x0,
    0x22, 0xee, 0xff, 0x90, 0x0, 0x0, 0x0, 0x0,
    0x0, 0x0, 0x83, 0xff, 0xf3, 0x29, 0x0, 0x0,
    0x0, 0x0, 0x0, 0x46, 0xfd, 0xff, 0x5d, 0x0,
    0x0, 0x0, 0x0, 0x51, 0xff, 0xff, 0x51, 0x0,
    0x0, 0x0, 0x0, 0x0, 0x0, 0x0, 0x78, 0xff,
    0xf7, 0x33, 0x0, 0x0, 0x2a, 0xf3, 0xff, 0x83,
    0x0, 0x0, 0x0, 0x0, 0x0, 0x0, 0x0, 0x0,
    0x1, 0xab, 0xff, 0xe1, 0x15, 0x10, 0xda, 0xff,
    0xb4, 0x2, 0x0, 0x0, 0x0, 0x0, 0x0, 0x0,
    0x0, 0x0, 0x0, 0xc, 0xd5, 0xff, 0xc1, 0xb4,
    0xff, 0xda, 0x10, 0x0, 0x0, 0x0, 0x0, 0x0,
    0x0, 0x0, 0x0, 0x0, 0x0, 0x0, 0x24, 0xf0,
    0xff, 0xff, 0xf3, 0x2a, 0x0, 0x0, 0x0, 0x0,
    0x0, 0x0, 0x0, 0x0, 0x0, 0x0, 0x0, 0x0,
    0x0, 0x7f, 0xff, 0xff, 0x87, 0x0, 0x0, 0x0,
    0x0, 0x0, 0x0, 0x0, 0x0, 0x0, 0x0, 0x0,
    0x0, 0x0, 0x29, 0xf3, 0xff, 0xff, 0xf5, 0x2e,
    0x0, 0x0, 0x0, 0x0, 0x0, 0x0, 0x0, 0x0,
    0x0, 0x0, 0x0, 0xe, 0xd9, 0xff, 0xbf, 0xb1,
    0xff, 0xdd, 0x12, 0x0, 0x0, 0x0, 0x0, 0x0,
    0x0, 0x0, 0x0, 0x0, 0x1, 0xb1, 0xff, 0xe1,
    0x15, 0xe, 0xd8, 0xff, 0xb7, 0x3, 0x0, 0x0,
    0x0, 0x0, 0x0, 0x0, 0x0, 0x0, 0x7d, 0xff,
    0xf7, 0x32, 0x0, 0x0, 0x28, 0xf2, 0xff, 0x87,
    0x0, 0x0, 0x0, 0x0, 0x0, 0x0, 0x0, 0x4c,
    0xfe, 0xff, 0x5c, 0x0, 0x0, 0x0, 0x0, 0x50,
    0xff, 0xff, 0x53, 0x0, 0x0, 0x0, 0x0, 0x0,
    0x26, 0xf0, 0xff, 0x8e, 0x0, 0x0, 0x0, 0x0,
    0x0, 0x0, 0x83, 0xff, 0xf4, 0x2b, 0x0, 0x0,
    0x0, 0xc, 0xd5, 0xff, 0xbd, 0x4, 0x0, 0x0,
    0x0, 0x0, 0x0, 0x0, 0x2, 0xb4, 0xff, 0xda,
    0x10, 0x0, 0x1, 0xab, 0xff, 0xe0, 0x14, 0x0,
    0x0, 0x0, 0x0, 0x0, 0x0, 0x0, 0x0, 0x10,
    0xda, 0xff, 0xb4, 0x2, 0x79, 0xff, 0xf6, 0x30,
    0x0, 0x0, 0x0, 0x0, 0x0, 0x0, 0x0, 0x0,
    0x0, 0x0, 0x2b, 0xf4, 0xff, 0x83,

    /* U+0059 "Y" */
    0x7, 0xd3, 0xff, 0x80, 0x0, 0x0, 0x0, 0x0,
    0x0, 0x0, 0x0, 0x0, 0x0, 0x0, 0x0, 0x0,
    0x60, 0xff, 0xed, 0x1a, 0x0, 0x2e, 0xf9, 0xfd,
    0x43, 0x0, 0x0, 0x0, 0x0, 0x0, 0x0, 0x0,
    0x0, 0x0, 0x0, 0x28, 0xf5, 0xff, 0x53, 0x0,
    0x0, 0x0, 0x75, 0xff, 0xe8, 0x18, 0x0, 0x0,
    0x0, 0x0, 0x0, 0x0, 0x0, 0x0, 0x9, 0xd3,
    0xff, 0xa0, 0x0, 0x0, 0x0, 0x0, 0x2, 0xbf,
    0xff, 0xbd, 0x3, 0x0, 0x0, 0x0, 0x0, 0x0,
    0x0, 0x0, 0x9b, 0xff, 0xe0, 0xe, 0x0, 0x0,
    0x0, 0x0, 0x0, 0x1f, 0xf0, 0xff, 0x80, 0x0,
    0x0, 0x0, 0x0, 0x0, 0x0, 0x5a, 0xff, 0xfd,
    0x3d, 0x0, 0x0, 0x0, 0x0, 0x0, 0x0, 0x0,
    0x5b, 0xff, 0xfe, 0x43, 0x0, 0x0, 0x0, 0x0,
    0x25, 0xf3, 0xff, 0x87, 0x0, 0x0, 0x0, 0x0,
    0x0, 0x0, 0x0, 0x0, 0x0, 0xa8, 0xff, 0xe9,
    0x18, 0x0, 0x0, 0x7, 0xce, 0xff, 0xce, 0x6,
    0x0, 0x0, 0x0, 0x0, 0x0, 0x0, 0x0, 0x0,
    0x0, 0x12, 0xe4, 0xff, 0xbe, 0x3, 0x0, 0x95,
    0xff, 0xf8, 0x2a, 0x0, 0x0, 0x0, 0x0, 0x0,
    0x0, 0x0, 0x0, 0x0, 0x0, 0x0, 0x43, 0xff,
    0xff, 0x81, 0x54, 0xff, 0xff, 0x6e, 0x0, 0x0,
    0x0, 0x0, 0x0, 0x0, 0x0, 0x0, 0x0, 0x0,
    0x0, 0x0, 0x0, 0x91, 0xff, 0xfe, 0xf4, 0xff,
    0xba, 0x1, 0x0, 0x0, 0x0, 0x0, 0x0, 0x0,
    0x0, 0x0, 0x0, 0x0, 0x0, 0x0, 0x0, 0x8,
    0xd4, 0xff, 0xff, 0xed, 0x1b, 0x0, 0x0, 0x0,
    0x0, 0x0, 0x0, 0x0, 0x0, 0x0, 0x0, 0x0,
    0x0, 0x0, 0x0, 0x0, 0x30, 0xfc, 0xff, 0x58,
    0x0, 0x0, 0x0, 0x0, 0x0, 0x0, 0x0, 0x0,
    0x0, 0x0, 0x0, 0x0, 0x0, 0x0, 0x0, 0x0,
    0x0, 0xec, 0xff, 0x18, 0x0, 0x0, 0x0, 0x0,
    0x0, 0x0, 0x0, 0x0, 0x0, 0x0, 0x0, 0x0,
    0x0, 0x0, 0x0, 0x0, 0x0, 0xec, 0xff, 0x18,
    0x0, 0x0, 0x0, 0x0, 0x0, 0x0, 0x0, 0x0,
    0x0, 0x0, 0x0, 0x0, 0x0, 0x0, 0x0, 0x0,
    0x0, 0xec, 0xff, 0x18, 0x0, 0x0, 0x0, 0x0,
    0x0, 0x0, 0x0, 0x0, 0x0, 0x0, 0x0, 0x0,
    0x0, 0x0, 0x0, 0x0, 0x0, 0xec, 0xff, 0x18,
    0x0, 0x0, 0x0, 0x0, 0x0, 0x0, 0x0, 0x0,
    0x0, 0x0, 0x0, 0x0, 0x0, 0x0, 0x0, 0x0,
    0x0, 0xec, 0xff, 0x18, 0x0, 0x0, 0x0, 0x0,
    0x0, 0x0, 0x0, 0x0, 0x0, 0x0, 0x0, 0x0,
    0x0, 0x0, 0x0, 0x0, 0x0, 0xec, 0xff, 0x18,
    0x0, 0x0, 0x0, 0x0, 0x0, 0x0, 0x0, 0x0,
    0x0, 0x0, 0x0, 0x0, 0x0, 0x0, 0x0, 0x0,
    0x0, 0xec, 0xff, 0x18, 0x0, 0x0, 0x0, 0x0,
    0x0, 0x0, 0x0, 0x0,

    /* U+005A "Z" */
    0xb8, 0xff, 0xff, 0xff, 0xff, 0xff, 0xff, 0xff,
    0xff, 0xff, 0xff, 0xff, 0xff, 0xff, 0xff, 0xff,
    0xff, 0xff, 0x48, 0xb8, 0xff, 0xff, 0xff, 0xff,
    0xff, 0xff, 0xff, 0xff, 0xff, 0xff, 0xff, 0xff,
    0xff, 0xff, 0xff, 0xff, 0xff, 0x48, 0x11, 0x18,
    0x18, 0x18, 0x18, 0x18, 0x18, 0x18, 0x18, 0x18,
    0x18, 0x18, 0x18, 0x18, 0x18, 0x95, 0xff, 0xff,
    0x46, 0x0, 0x0, 0x0, 0x0, 0x0, 0x0, 0x0,
    0x0, 0x0, 0x0, 0x0, 0x0, 0x0, 0x3, 0x98,
    0xff, 0xff, 0x96, 0x3, 0x0, 0x0, 0x0, 0x0,
    0x0, 0x0, 0x0, 0x0, 0x0, 0x0, 0x0, 0x0,
    0x9, 0xb0, 0xff, 0xff, 0x7b, 0x0, 0x0, 0x0,
    0x0, 0x0, 0x0, 0x0, 0x0, 0x0, 0x0, 0x0,
    0x0, 0x0, 0x13, 0xc5, 0xff, 0xfb, 0x61, 0x0,
    0x0, 0x0, 0x0, 0x0, 0x0, 0x0, 0x0, 0x0,
    0x0, 0x0, 0x0, 0x0, 0x1f, 0xd7, 0xff, 0xf4,
    0x48, 0x0, 0x0, 0x0, 0x0, 0x0, 0x0, 0x0,
    0x0, 0x0, 0x0, 0x0, 0x0, 0x0, 0x2f, 0xe6,
    0xff, 0xea, 0x35, 0x0, 0x0, 0x0, 0x0, 0x0,
    0x0, 0x0, 0x0, 0x0, 0x0, 0x0, 0x0, 0x0,
    0x43, 0xf1, 0xff, 0xdc, 0x23, 0x0, 0x0, 0x0,
    0x0, 0x0, 0x0, 0x0, 0x0, 0x0, 0x0, 0x0,
    0x0, 0x0, 0x58, 0xf9, 0xff, 0xca, 0x16, 0x0,
    0x0, 0x0, 0x0, 0x0, 0x0, 0x0, 0x0, 0x0,
    0x0, 0x0, 0x0, 0x0, 0x73, 0xfe, 0xff, 0xb7,
    0xb, 0x0, 0x0, 0x0, 0x0, 0x0, 0x0, 0x0,
    0x0, 0x0, 0x0, 0x0, 0x0, 0x2, 0x8d, 0xff,
    0xff, 0x9f, 0x4, 0x0, 0x0, 0x0, 0x0, 0x0,
    0x0, 0x0, 0x0, 0x0, 0x0, 0x0, 0x0, 0x7,
    0xa8, 0xff, 0xff, 0x83, 0x1, 0x0, 0x0, 0x0,
    0x0, 0x0, 0x0, 0x0, 0x0, 0x0, 0x0, 0x0,
    0x0, 0xf, 0xbd, 0xff, 0xfd, 0x67, 0x0, 0x0,
    0x0, 0x0, 0x0, 0x0, 0x0, 0x0, 0x0, 0x0,
    0x0, 0x0, 0x0, 0x1a, 0xd1, 0xff, 0xf7, 0x50,
    0x0, 0x0, 0x0, 0x0, 0x0, 0x0, 0x0, 0x0,
    0x0, 0x0, 0x0, 0x0, 0x0, 0x29, 0xe1, 0xff,
    0xed, 0x3b, 0x0, 0x0, 0x0, 0x0, 0x0, 0x0,
    0x0, 0x0, 0x0, 0x0, 0x0, 0x0, 0x0, 0x0,
    0xb6, 0xff, 0xec, 0x40, 0x18, 0x18, 0x18, 0x18,
    0x18, 0x18, 0x18, 0x18, 0x18, 0x18, 0x18, 0x18,
    0x18, 0x18, 0x7, 0xb8, 0xff, 0xff, 0xff, 0xff,
    0xff, 0xff, 0xff, 0xff, 0xff, 0xff, 0xff, 0xff,
    0xff, 0xff, 0xff, 0xff, 0xff, 0x48, 0xb8, 0xff,
    0xff, 0xff, 0xff, 0xff, 0xff, 0xff, 0xff, 0xff,
    0xff, 0xff, 0xff, 0xff, 0xff, 0xff, 0xff, 0xff,
    0x48,

    /* U+005B "[" */
    0xa8, 0xff, 0xff, 0xff, 0x18, 0xa8, 0xff, 0xff,
    0xff, 0x18, 0xa8, 0xff, 0x7d, 0x24, 0x3, 0xa8,
    0xff, 0x68, 0x0, 0x0, 0xa8, 0xff, 0x68, 0x0,
    0x0, 0xa8, 0xff, 0x68, 0x0, 0x0, 0xa8, 0xff,
    0x68, 0x0, 0x0, 0xa8, 0xff, 0x68, 0x0, 0x0,
    0xa8, 0xff, 0x68, 0x0, 0x0, 0xa8, 0xff, 0x68,
    0x0, 0x0, 0xa8, 0xff, 0x68, 0x0, 0x0, 0xa8,
    0xff, 0x68, 0x0, 0x0, 0xa8, 0xff, 0x68, 0x0,
    0x0, 0xa8, 0xff, 0x68, 0x0, 0x0, 0xa8, 0xff,
    0x68, 0x0, 0x0, 0xa8, 0xff, 0x68, 0x0, 0x0,
    0xa8, 0xff, 0x7b, 0x20, 0x3, 0xa8, 0xff, 0xff,
    0xff, 0x18, 0xa8, 0xff, 0xff, 0xff, 0x18,

    /* U+005C "\\" */
    0x41, 0x0, 0x0, 0x0, 0x0, 0x0, 0x0, 0x0,
    0x0, 0x0, 0x0, 0x0, 0x0, 0xd8, 0x34, 0x0,
    0x0, 0x0, 0x0, 0x0, 0x0, 0x0, 0x0, 0x0,
    0x0, 0x0, 0xe0, 0xe1, 0x14, 0x0, 0x0, 0x0,
    0x0, 0x0, 0x0, 0x0, 0x0, 0x0, 0x0, 0x70,
    0xff, 0xba, 0x3, 0x0, 0x0, 0x0, 0x0, 0x0,
    0x0, 0x0, 0x0, 0x0, 0x0, 0xa7, 0xff, 0x88,
    0x0, 0x0, 0x0, 0x0, 0x0, 0x0, 0x0, 0x0,
    0x0, 0x0, 0xb, 0xd3, 0xff, 0x52, 0x0, 0x0,
    0x0, 0x0, 0x0, 0x0, 0x0, 0x0, 0x0, 0x0,
    0x25, 0xf0, 0xf3, 0x2a, 0x0, 0x0, 0x0, 0x0,
    0x0, 0x0, 0x0, 0x0, 0x0, 0x0, 0x4f, 0xff,
    0xd7, 0xd, 0x0, 0x0, 0x0, 0x0, 0x0, 0x0,
    0x0, 0x0, 0x0, 0x0, 0x86, 0xff, 0xaf, 0x1,
    0x0, 0x0, 0x0, 0x0, 0x0, 0x0, 0x0, 0x0,
    0x0, 0x3, 0xb9, 0xff, 0x79, 0x0, 0x0, 0x0,
    0x0, 0x0, 0x0, 0x0, 0x0, 0x0, 0x0, 0x13,
    0xe1, 0xfd, 0x46, 0x0, 0x0, 0x0, 0x0, 0x0,
    0x0, 0x0, 0x0, 0x0, 0x0, 0x34, 0xf8, 0xed,
    0x1f, 0x0, 0x0, 0x0, 0x0, 0x0, 0x0, 0x0,
    0x0, 0x0, 0x0, 0x62, 0xff, 0xcd, 0x9, 0x0,
    0x0, 0x0, 0x0, 0x0, 0x0, 0x0, 0x0, 0x0,
    0x0, 0x9b, 0xff, 0xa0, 0x0, 0x0, 0x0, 0x0,
    0x0, 0x0, 0x0, 0x0, 0x0, 0x0, 0x7, 0xcb,
    0xff, 0x6b, 0x0, 0x0, 0x0, 0x0, 0x0, 0x0,
    0x0, 0x0, 0x0, 0x0, 0x1e, 0xeb, 0xfa, 0x3a,
    0x0, 0x0, 0x0, 0x0, 0x0, 0x0, 0x0, 0x0,
    0x0, 0x0, 0x46, 0xfd, 0xc2, 0x0, 0x0, 0x0,
    0x0, 0x0, 0x0, 0x0, 0x0, 0x0, 0x0, 0x0,
    0x79, 0xc9, 0x0, 0x0, 0x0, 0x0, 0x0, 0x0,
    0x0, 0x0, 0x0, 0x0, 0x0, 0x1, 0x7b,

    /* U+005D "]" */
    0xb8, 0xff, 0xff, 0xff, 0x8, 0xb8, 0xff, 0xff,
    0xff, 0x8, 0x1a, 0x2e, 0xff, 0xff, 0x8, 0x0,
    0xc, 0xff, 0xff, 0x8, 0x0, 0xc, 0xff, 0xff,
    0x8, 0x0, 0xc, 0xff, 0xff, 0x8, 0x0, 0xc,
    0xff, 0xff, 0x8, 0x0, 0xc, 0xff, 0xff, 0x8,
    0x0, 0xc, 0xff, 0xff, 0x8, 0x0, 0xc, 0xff,
    0xff, 0x8, 0x0, 0xc, 0xff, 0xff, 0x8, 0x0,
    0xc, 0xff, 0xff, 0x8, 0x0, 0xc, 0xff, 0xff,
    0x8, 0x0, 0xc, 0xff, 0xff, 0x8, 0x0, 0xc,
    0xff, 0xff, 0x8, 0x0, 0xc, 0xff, 0xff, 0x8,
    0x17, 0x2b, 0xff, 0xff, 0x8, 0xb8, 0xff, 0xff,
    0xff, 0x8, 0xb8, 0xff, 0xff, 0xff, 0x8,

    /* U+005F "_" */
    0x15, 0x20, 0x20, 0x20, 0x20, 0x20, 0x20, 0x20,
    0x20, 0x20, 0x20, 0x20, 0x20, 0x20, 0x20, 0x20,
    0x20, 0x20, 0x12, 0xa8, 0xff, 0xff, 0xff, 0xff,
    0xff, 0xff, 0xff, 0xff, 0xff, 0xff, 0xff, 0xff,
    0xff, 0xff, 0xff, 0xff, 0xff, 0x8c, 0xa8, 0xff,
    0xff, 0xff, 0xff, 0xff, 0xff, 0xff, 0xff, 0xff,
    0xff, 0xff, 0xff, 0xff, 0xff, 0xff, 0xff, 0xff,
    0x8c,

    /* U+0060 "`" */
    0x3b, 0x98, 0x62, 0x0, 0x30, 0xff, 0xd5, 0x0,
    0x2, 0xef, 0xff, 0x13, 0x0, 0xb4, 0xff, 0x4e,

    /* U+0061 "a" */
    0xb4, 0xff, 0xff, 0xff, 0xff, 0xff, 0xff, 0xff,
    0xff, 0xff, 0xff, 0xff, 0xf2, 0x94, 0x8, 0x0,
    0xb4, 0xff, 0xff, 0xff, 0xff, 0xff, 0xff, 0xff,
    0xff, 0xff, 0xff, 0xff, 0xff, 0xff, 0x99, 0x0,
    0x17, 0x20, 0x20, 0x20, 0x20, 0x20, 0x20, 0x20,
    0x20, 0x20, 0x20, 0x20, 0x52, 0xff, 0xf9, 0x6,
    0x0, 0x0, 0x0, 0x0, 0x0, 0x0, 0x0, 0x0,
    0x0, 0x0, 0x0, 0x0, 0x0, 0xff, 0xff, 0x14,
    0x0, 0x0, 0x0, 0x0, 0x0, 0x0, 0x0, 0x0,
    0x0, 0x0, 0x0, 0x0, 0x0, 0xff, 0xff, 0x14,
    0x0, 0x0, 0x0, 0x0, 0x0, 0x0, 0x0, 0x0,
    0x0, 0x0, 0x0, 0x0, 0x0, 0xff, 0xff, 0x14,
    0xb4, 0xff, 0xff, 0xff, 0xff, 0xff, 0xff, 0xff,
    0xff, 0xff, 0xff, 0xff, 0xff, 0xff, 0xff, 0x14,
    0xb4, 0xff, 0xff, 0xff, 0xff, 0xff, 0xff, 0xff,
    0xff, 0xff, 0xff, 0xff, 0xff, 0xff, 0xff, 0x14,
    0xb4, 0xff, 0x6d, 0x20, 0x20, 0x20, 0x20, 0x20,
    0x20, 0x20, 0x20, 0x20, 0x20, 0xff, 0xff, 0x14,
    0xb4, 0xff, 0x58, 0x0, 0x0, 0x0, 0x0, 0x0,
    0x0, 0x0, 0x0, 0x0, 0x0, 0xff, 0xff, 0x14,
    0xb4, 0xff, 0x58, 0x0, 0x0, 0x0, 0x0, 0x0,
    0x0, 0x0, 0x0, 0x0, 0x0, 0xff, 0xff, 0x14,
    0xb3, 0xff, 0x59, 0x0, 0x0, 0x0, 0x0, 0x0,
    0x0, 0x0, 0x0, 0x0, 0x0, 0xff, 0xff, 0x14,
    0x99, 0xff, 0xa8, 0x22, 0x20, 0x20, 0x20, 0x20,
    0x20, 0x20, 0x20, 0x20, 0x20, 0xff, 0xff, 0x14,
    0x31, 0xfb, 0xff, 0xff, 0xff, 0xff, 0xff, 0xff,
    0xff, 0xff, 0xff, 0xff, 0xff, 0xff, 0xff, 0x14,
    0x0, 0x4d, 0xda, 0xff, 0xff, 0xff, 0xff, 0xff,
    0xff, 0xff, 0xff, 0xff, 0xff, 0xff, 0xff, 0x14,

    /* U+0062 "b" */
    0xa8, 0xff, 0x68, 0x0, 0x0, 0x0, 0x0, 0x0,
    0x0, 0x0, 0x0, 0x0, 0x0, 0x0, 0x0, 0x0,
    0xa8, 0xff, 0x68, 0x0, 0x0, 0x0, 0x0, 0x0,
    0x0, 0x0, 0x0, 0x0, 0x0, 0x0, 0x0, 0x0,
    0xa8, 0xff, 0x68, 0x0, 0x0, 0x0, 0x0, 0x0,
    0x0, 0x0, 0x0, 0x0, 0x0, 0x0, 0x0, 0x0,
    0xa8, 0xff, 0x68, 0x0, 0x0, 0x0, 0x0, 0x0,
    0x0, 0x0, 0x0, 0x0, 0x0, 0x0, 0x0, 0x0,
    0xa8, 0xff, 0x68, 0x0, 0x0, 0x0, 0x0, 0x0,
    0x0, 0x0, 0x0, 0x0, 0x0, 0x0, 0x0, 0x0,
    0xa8, 0xff, 0xff, 0xff, 0xff, 0xff, 0xff, 0xff,
    0xff, 0xff, 0xff, 0xff, 0xf5, 0x9c, 0xa, 0x0,
    0xa8, 0xff, 0xff, 0xff, 0xff, 0xff, 0xff, 0xff,
    0xff, 0xff, 0xff, 0xff, 0xff, 0xff, 0xa4, 0x0,
    0xa8, 0xff, 0xb0, 0x23, 0x20, 0x20, 0x20, 0x20,
    0x20, 0x20, 0x20, 0x20, 0x48, 0xfd, 0xfd, 0xe,
    0xa8, 0xff, 0x68, 0x0, 0x0, 0x0, 0x0, 0x0,
    0x0, 0x0, 0x0, 0x0, 0x0, 0xec, 0xff, 0x20,
    0xa8, 0xff, 0x68, 0x0, 0x0, 0x0, 0x0, 0x0,
    0x0, 0x0, 0x0, 0x0, 0x0, 0xec, 0xff, 0x20,
    0xa8, 0xff, 0x68, 0x0, 0x0, 0x0, 0x0, 0x0,
    0x0, 0x0, 0x0, 0x0, 0x0, 0xec, 0xff, 0x20,
    0xa8, 0xff, 0x68, 0x0, 0x0, 0x0, 0x0, 0x0,
    0x0, 0x0, 0x0, 0x0, 0x0, 0xec, 0xff, 0x20,
    0xa8, 0xff, 0x68, 0x0, 0x0, 0x0, 0x0, 0x0,
    0x0, 0x0, 0x0, 0x0, 0x0, 0xec, 0xff, 0x20,
    0xa8, 0xff, 0x68, 0x0, 0x0, 0x0, 0x0, 0x0,
    0x0, 0x0, 0x0, 0x0, 0x0, 0xec, 0xff, 0x20,
    0xa8, 0xff, 0x68, 0x0, 0x0, 0x0, 0x0, 0x0,
    0x0, 0x0, 0x0, 0x0, 0x0, 0xec, 0xff, 0x20,
    0xa8, 0xff, 0x68, 0x0, 0x0, 0x0, 0x0, 0x0,
    0x0, 0x0, 0x0, 0x0, 0x0, 0xec, 0xff, 0x20,
    0xa8, 0xff, 0x68, 0x0, 0x0, 0x0, 0x0, 0x0,
    0x0, 0x0, 0x0, 0x0, 0x0, 0xec, 0xff, 0x20,
    0xa8, 0xff, 0xb0, 0x23, 0x20, 0x20, 0x20, 0x20,
    0x20, 0x20, 0x20, 0x20, 0x48, 0xfd, 0xfd, 0xe,
    0xa8, 0xff, 0xff, 0xff, 0xff, 0xff, 0xff, 0xff,
    0xff, 0xff, 0xff, 0xff, 0xff, 0xff, 0xa4, 0x0,
    0xa8, 0xff, 0xff, 0xff, 0xff, 0xff, 0xff, 0xff,
    0xff, 0xff, 0xff, 0xff, 0xf5, 0x9c, 0xa, 0x0,

    /* U+0063 "c" */
    0x0, 0x59, 0xdf, 0xff, 0xff, 0xff, 0xff, 0xff,
    0xff, 0xff, 0xff, 0xff, 0xff, 0xff, 0xff, 0x0,
    0x41, 0xfe, 0xff, 0xff, 0xff, 0xff, 0xff, 0xff,
    0xff, 0xff, 0xff, 0xff, 0xff, 0xff, 0xff, 0x0,
    0xa3, 0xff, 0x9f, 0x21, 0x20, 0x20, 0x20, 0x20,
    0x20, 0x20, 0x20, 0x20, 0x20, 0x20, 0x20, 0x0,
    0xb8, 0xff, 0x54, 0x0, 0x0, 0x0, 0x0, 0x0,
    0x0, 0x0, 0x0, 0x0, 0x0, 0x0, 0x0, 0x0,
    0xb8, 0xff, 0x54, 0x0, 0x0, 0x0, 0x0, 0x0,
    0x0, 0x0, 0x0, 0x0, 0x0, 0x0, 0x0, 0x0,
    0xb8, 0xff, 0x54, 0x0, 0x0, 0x0, 0x0, 0x0,
    0x0, 0x0, 0x0, 0x0, 0x0, 0x0, 0x0, 0x0,
    0xb8, 0xff, 0x54, 0x0, 0x0, 0x0, 0x0, 0x0,
    0x0, 0x0, 0x0, 0x0, 0x0, 0x0, 0x0, 0x0,
    0xb8, 0xff, 0x54, 0x0, 0x0, 0x0, 0x0, 0x0,
    0x0, 0x0, 0x0, 0x0, 0x0, 0x0, 0x0, 0x0,
    0xb8, 0xff, 0x54, 0x0, 0x0, 0x0, 0x0, 0x0,
    0x0, 0x0, 0x0, 0x0, 0x0, 0x0, 0x0, 0x0,
    0xb8, 0xff, 0x54, 0x0, 0x0, 0x0, 0x0, 0x0,
    0x0, 0x0, 0x0, 0x0, 0x0, 0x0, 0x0, 0x0,
    0xb8, 0xff, 0x54, 0x0, 0x0, 0x0, 0x0, 0x0,
    0x0, 0x0, 0x0, 0x0, 0x0, 0x0, 0x0, 0x0,
    0xb8, 0xff, 0x54, 0x0, 0x0, 0x0, 0x0, 0x0,
    0x0, 0x0, 0x0, 0x0, 0x0, 0x0, 0x0, 0x0,
    0xa4, 0xff, 0x9f, 0x21, 0x20, 0x20, 0x20, 0x20,
    0x20, 0x20, 0x20, 0x20, 0x20, 0x20, 0x20, 0x2,
    0x41, 0xfe, 0xff, 0xff, 0xff, 0xff, 0xff, 0xff,
    0xff, 0xff, 0xff, 0xff, 0xff, 0xff, 0xff, 0xc,
    0x0, 0x59, 0xdf, 0xff, 0xff, 0xff, 0xff, 0xff,
    0xff, 0xff, 0xff, 0xff, 0xff, 0xff, 0xff, 0xc,

    /* U+0064 "d" */
    0x0, 0x0, 0x0, 0x0, 0x0, 0x0, 0x0, 0x0,
    0x0, 0x0, 0x0, 0x0, 0x0, 0xb4, 0xff, 0x58,
    0x0, 0x0, 0x0, 0x0, 0x0, 0x0, 0x0, 0x0,
    0x0, 0x0, 0x0, 0x0, 0x0, 0xb4, 0xff, 0x58,
    0x0, 0x0, 0x0, 0x0, 0x0, 0x0, 0x0, 0x0,
    0x0, 0x0, 0x0, 0x0, 0x0, 0xb4, 0xff, 0x58,
    0x0, 0x0, 0x0, 0x0, 0x0, 0x0, 0x0, 0x0,
    0x0, 0x0, 0x0, 0x0, 0x0, 0xb4, 0xff, 0x58,
    0x0, 0x0, 0x0, 0x0, 0x0, 0x0, 0x0, 0x0,
    0x0, 0x0, 0x0, 0x0, 0x0, 0xb4, 0xff, 0x58,
    0x0, 0x2a, 0xc2, 0xfc, 0xff, 0xff, 0xff, 0xff,
    0xff, 0xff, 0xff, 0xff, 0xff, 0xff, 0xff, 0x58,
    0xc, 0xe4, 0xff, 0xff, 0xff, 0xff, 0xff, 0xff,
    0xff, 0xff, 0xff, 0xff, 0xff, 0xff, 0xff, 0x58,
    0x57, 0xff, 0xdd, 0x2b, 0x20, 0x20, 0x20, 0x20,
    0x20, 0x20, 0x20, 0x20, 0x2f, 0xe4, 0xff, 0x58,
    0x6c, 0xff, 0xa8, 0x0, 0x0, 0x0, 0x0, 0x0,
    0x0, 0x0, 0x0, 0x0, 0x0, 0xb4, 0xff, 0x58,
    0x6c, 0xff, 0xa8, 0x0, 0x0, 0x0, 0x0, 0x0,
    0x0, 0x0, 0x0, 0x0, 0x0, 0xb4, 0xff, 0x58,
    0x6c, 0xff, 0xa8, 0x0, 0x0, 0x0, 0x0, 0x0,
    0x0, 0x0, 0x0, 0x0, 0x0, 0xb4, 0xff, 0x58,
    0x6c, 0xff, 0xa8, 0x0, 0x0, 0x0, 0x0, 0x0,
    0x0, 0x0, 0x0, 0x0, 0x0, 0xb4, 0xff, 0x58,
    0x6c, 0xff, 0xa8, 0x0, 0x0, 0x0, 0x0, 0x0,
    0x0, 0x0, 0x0, 0x0, 0x0, 0xb4, 0xff, 0x58,
    0x6c, 0xff, 0xa8, 0x0, 0x0, 0x0, 0x0, 0x0,
    0x0, 0x0, 0x0, 0x0, 0x0, 0xb4, 0xff, 0x58,
    0x6c, 0xff, 0xa8, 0x0, 0x0, 0x0, 0x0, 0x0,
    0x0, 0x0, 0x0, 0x0, 0x0, 0xb4, 0xff, 0x58,
    0x6c, 0xff, 0xa8, 0x0, 0x0, 0x0, 0x0, 0x0,
    0x0, 0x0, 0x0, 0x0, 0x0, 0xb4, 0xff, 0x58,
    0x6c, 0xff, 0xa8, 0x0, 0x0, 0x0, 0x0, 0x0,
    0x0, 0x0, 0x0, 0x0, 0x0, 0xb4, 0xff, 0x58,
    0x57, 0xff, 0xdd, 0x2b, 0x20, 0x20, 0x20, 0x20,
    0x20, 0x20, 0x20, 0x20, 0x2f, 0xe4, 0xff, 0x58,
    0xc, 0xe4, 0xff, 0xff, 0xff, 0xff, 0xff, 0xff,
    0xff, 0xff, 0xff, 0xff, 0xff, 0xff, 0xff, 0x58,
    0x0, 0x2a, 0xc2, 0xfc, 0xff, 0xff, 0xff, 0xff,
    0xff, 0xff, 0xff, 0xff, 0xff, 0xff, 0xff, 0x58,

    /* U+0065 "e" */
    0x0, 0x59, 0xdf, 0xff, 0xff, 0xff, 0xff, 0xff,
    0xff, 0xff, 0xff, 0xff, 0xf2, 0x95, 0x9, 0x0,
    0x41, 0xfe, 0xff, 0xff, 0xff, 0xff, 0xff, 0xff,
    0xff, 0xff, 0xff, 0xff, 0xff, 0xff, 0x9d, 0x0,
    0xa3, 0xff, 0x99, 0x21, 0x20, 0x20, 0x20, 0x20,
    0x20, 0x20, 0x20, 0x20, 0x58, 0xff, 0xfa, 0x4,
    0xb8, 0xff, 0x54, 0x0, 0x0, 0x0, 0x0, 0x0,
    0x0, 0x0, 0x0, 0x0, 0x8, 0xff, 0xff, 0xc,
    0xb8, 0xff, 0x54, 0x0, 0x0, 0x0, 0x0, 0x0,
    0x0, 0x0, 0x0, 0x0, 0x8, 0xff, 0xff, 0xc,
    0xb8, 0xff, 0x54, 0x0, 0x0, 0x0, 0x0, 0x0,
    0x0, 0x0, 0x0, 0x0, 0x8, 0xff, 0xff, 0xc,
    0xb8, 0xff, 0xff, 0xff, 0xff, 0xff, 0xff, 0xff,
    0xff, 0xff, 0xff, 0xff, 0xff, 0xff, 0xff, 0xc,
    0xb8, 0xff, 0xff, 0xff, 0xff, 0xff, 0xff, 0xff,
    0xff, 0xff, 0xff, 0xff, 0xff, 0xff, 0xff, 0xc,
    0xb8, 0xff, 0x6a, 0x20, 0x20, 0x20, 0x20, 0x20,
    0x20, 0x20, 0x20, 0x20, 0x20, 0x20, 0x20, 0x2,
    0xb8, 0xff, 0x54, 0x0, 0x0, 0x0, 0x0, 0x0,
    0x0, 0x0, 0x0, 0x0, 0x0, 0x0, 0x0, 0x0,
    0xb8, 0xff, 0x54, 0x0, 0x0, 0x0, 0x0, 0x0,
    0x0, 0x0, 0x0, 0x0, 0x0, 0x0, 0x0, 0x0,
    0xb8, 0xff, 0x55, 0x0, 0x0, 0x0, 0x0, 0x0,
    0x0, 0x0, 0x0, 0x0, 0x0, 0x0, 0x0, 0x0,
    0xa4, 0xff, 0xa5, 0x22, 0x20, 0x20, 0x20, 0x20,
    0x20, 0x20, 0x20, 0x20, 0x20, 0x20, 0x20, 0x2,
    0x41, 0xfe, 0xff, 0xff, 0xff, 0xff, 0xff, 0xff,
    0xff, 0xff, 0xff, 0xff, 0xff, 0xff, 0xff, 0xc,
    0x0, 0x59, 0xdf, 0xff, 0xff, 0xff, 0xff, 0xff,
    0xff, 0xff, 0xff, 0xff, 0xff, 0xff, 0xff, 0xc,

    /* U+0066 "f" */
    0x0, 0x59, 0xdf, 0xff, 0xff, 0xff, 0xff, 0xff,
    0xa8, 0x3c, 0xfe, 0xff, 0xff, 0xff, 0xff, 0xff,
    0xff, 0xa8, 0x98, 0xff, 0xa8, 0x1e, 0x1c, 0x1c,
    0x1c, 0x1c, 0x12, 0xac, 0xff, 0x60, 0x0, 0x0,
    0x0, 0x0, 0x0, 0x0, 0xac, 0xff, 0x60, 0x0,
    0x0, 0x0, 0x0, 0x0, 0x0, 0xac, 0xff, 0xff,
    0xff, 0xff, 0xff, 0xff, 0xff, 0xa8, 0xac, 0xff,
    0xff, 0xff, 0xff, 0xff, 0xff, 0xff, 0xa8, 0xac,
    0xff, 0x74, 0x20, 0x20, 0x20, 0x20, 0x20, 0x15,
    0xac, 0xff, 0x60, 0x0, 0x0, 0x0, 0x0, 0x0,
    0x0, 0xac, 0xff, 0x60, 0x0, 0x0, 0x0, 0x0,
    0x0, 0x0, 0xac, 0xff, 0x60, 0x0, 0x0, 0x0,
    0x0, 0x0, 0x0, 0xac, 0xff, 0x60, 0x0, 0x0,
    0x0, 0x0, 0x0, 0x0, 0xac, 0xff, 0x60, 0x0,
    0x0, 0x0, 0x0, 0x0, 0x0, 0xac, 0xff, 0x60,
    0x0, 0x0, 0x0, 0x0, 0x0, 0x0, 0xac, 0xff,
    0x60, 0x0, 0x0, 0x0, 0x0, 0x0, 0x0, 0xac,
    0xff, 0x60, 0x0, 0x0, 0x0, 0x0, 0x0, 0x0,
    0xac, 0xff, 0x60, 0x0, 0x0, 0x0, 0x0, 0x0,
    0x0, 0xac, 0xff, 0x60, 0x0, 0x0, 0x0, 0x0,
    0x0, 0x0, 0xac, 0xff, 0x60, 0x0, 0x0, 0x0,
    0x0, 0x0, 0x0, 0xac, 0xff, 0x60, 0x0, 0x0,
    0x0, 0x0, 0x0, 0x0,

    /* U+0067 "g" */
    0x3, 0x86, 0xee, 0xff, 0xff, 0xff, 0xff, 0xff,
    0xff, 0xff, 0xff, 0xff, 0xe2, 0x65, 0x0, 0x7f,
    0xff, 0xff, 0xff, 0xff, 0xff, 0xff, 0xff, 0xff,
    0xff, 0xff, 0xff, 0xff, 0xff, 0x4e, 0xe3, 0xff,
    0x68, 0x20, 0x20, 0x20, 0x20, 0x20, 0x20, 0x20,
    0x20, 0x21, 0x94, 0xff, 0xb3, 0xf8, 0xff, 0x14,
    0x0, 0x0, 0x0, 0x0, 0x0, 0x0, 0x0, 0x0,
    0x0, 0x48, 0xff, 0xc8, 0xf8, 0xff, 0x14, 0x0,
    0x0, 0x0, 0x0, 0x0, 0x0, 0x0, 0x0, 0x0,
    0x48, 0xff, 0xc8, 0xf8, 0xff, 0x14, 0x0, 0x0,
    0x0, 0x0, 0x0, 0x0, 0x0, 0x0, 0x0, 0x48,
    0xff, 0xc8, 0xf8, 0xff, 0x14, 0x0, 0x0, 0x0,
    0x0, 0x0, 0x0, 0x0, 0x0, 0x0, 0x48, 0xff,
    0xc8, 0xf8, 0xff, 0x14, 0x0, 0x0, 0x0, 0x0,
    0x0, 0x0, 0x0, 0x0, 0x0, 0x48, 0xff, 0xc8,
    0xf8, 0xff, 0x14, 0x0, 0x0, 0x0, 0x0, 0x0,
    0x0, 0x0, 0x0, 0x0, 0x48, 0xff, 0xc8, 0xf8,
    0xff, 0x14, 0x0, 0x0, 0x0, 0x0, 0x0, 0x0,
    0x0, 0x0, 0x0, 0x48, 0xff, 0xc8, 0xf8, 0xff,
    0x14, 0x0, 0x0, 0x0, 0x0, 0x0, 0x0, 0x0,
    0x0, 0x0, 0x48, 0xff, 0xc8, 0xf8, 0xff, 0x14,
    0x0, 0x0, 0x0, 0x0, 0x0, 0x0, 0x0, 0x0,
    0x0, 0x48, 0xff, 0xc8, 0xe4, 0xff, 0x68, 0x20,
    0x20, 0x20, 0x20, 0x20, 0x20, 0x20, 0x20, 0x21,
    0x94, 0xff, 0xc8, 0x7f, 0xff, 0xff, 0xff, 0xff,
    0xff, 0xff, 0xff, 0xff, 0xff, 0xff, 0xff, 0xff,
    0xff, 0xc8, 0x3, 0x86, 0xee, 0xff, 0xff, 0xff,
    0xff, 0xff, 0xff, 0xff, 0xff, 0xff, 0xff, 0xff,
    0xc8, 0x0, 0x0, 0x0, 0x0, 0x0, 0x0, 0x0,
    0x0, 0x0, 0x0, 0x0, 0x0, 0x48, 0xff, 0xc8,
    0x0, 0x0, 0x0, 0x0, 0x0, 0x0, 0x0, 0x0,
    0x0, 0x0, 0x0, 0x0, 0x48, 0xff, 0xc8, 0x0,
    0x0, 0x0, 0x0, 0x0, 0x0, 0x0, 0x0, 0x0,
    0x0, 0x0, 0x0, 0x48, 0xff, 0xc8, 0x0, 0x0,
    0xb, 0x24, 0x24, 0x24, 0x24, 0x24, 0x24, 0x24,
    0x24, 0x25, 0x98, 0xff, 0xb3, 0x0, 0x0, 0x4c,
    0xff, 0xff, 0xff, 0xff, 0xff, 0xff, 0xff, 0xff,
    0xff, 0xff, 0xff, 0x4f, 0x0, 0x0, 0x4c, 0xff,
    0xff, 0xff, 0xff, 0xff, 0xff, 0xff, 0xff, 0xff,
    0xe3, 0x66, 0x0,

    /* U+0068 "h" */
    0xa8, 0xff, 0x68, 0x0, 0x0, 0x0, 0x0, 0x0,
    0x0, 0x0, 0x0, 0x0, 0x0, 0x0, 0x0, 0x0,
    0xa8, 0xff, 0x68, 0x0, 0x0, 0x0, 0x0, 0x0,
    0x0, 0x0, 0x0, 0x0, 0x0, 0x0, 0x0, 0x0,
    0xa8, 0xff, 0x68, 0x0, 0x0, 0x0, 0x0, 0x0,
    0x0, 0x0, 0x0, 0x0, 0x0, 0x0, 0x0, 0x0,
    0xa8, 0xff, 0x68, 0x0, 0x0, 0x0, 0x0, 0x0,
    0x0, 0x0, 0x0, 0x0, 0x0, 0x0, 0x0, 0x0,
    0xa8, 0xff, 0x68, 0x0, 0x0, 0x0, 0x0, 0x0,
    0x0, 0x0, 0x0, 0x0, 0x0, 0x0, 0x0, 0x0,
    0xa8, 0xff, 0xff, 0xff, 0xff, 0xff, 0xff, 0xff,
    0xff, 0xff, 0xff, 0xff, 0xf5, 0x9c, 0xa, 0x0,
    0xa8, 0xff, 0xff, 0xff, 0xff, 0xff, 0xff, 0xff,
    0xff, 0xff, 0xff, 0xff, 0xff, 0xff, 0xa4, 0x0,
    0xa8, 0xff, 0xb0, 0x23, 0x20, 0x20, 0x20, 0x20,
    0x20, 0x20, 0x20, 0x20, 0x48, 0xfd, 0xfd, 0xe,
    0xa8, 0xff, 0x68, 0x0, 0x0, 0x0, 0x0, 0x0,
    0x0, 0x0, 0x0, 0x0, 0x0, 0xec, 0xff, 0x20,
    0xa8, 0xff, 0x68, 0x0, 0x0, 0x0, 0x0, 0x0,
    0x0, 0x0, 0x0, 0x0, 0x0, 0xec, 0xff, 0x20,
    0xa8, 0xff, 0x68, 0x0, 0x0, 0x0, 0x0, 0x0,
    0x0, 0x0, 0x0, 0x0, 0x0, 0xec, 0xff, 0x20,
    0xa8, 0xff, 0x68, 0x0, 0x0, 0x0, 0x0, 0x0,
    0x0, 0x0, 0x0, 0x0, 0x0, 0xec, 0xff, 0x20,
    0xa8, 0xff, 0x68, 0x0, 0x0, 0x0, 0x0, 0x0,
    0x0, 0x0, 0x0, 0x0, 0x0, 0xec, 0xff, 0x20,
    0xa8, 0xff, 0x68, 0x0, 0x0, 0x0, 0x0, 0x0,
    0x0, 0x0, 0x0, 0x0, 0x0, 0xec, 0xff, 0x20,
    0xa8, 0xff, 0x68, 0x0, 0x0, 0x0, 0x0, 0x0,
    0x0, 0x0, 0x0, 0x0, 0x0, 0xec, 0xff, 0x20,
    0xa8, 0xff, 0x68, 0x0, 0x0, 0x0, 0x0, 0x0,
    0x0, 0x0, 0x0, 0x0, 0x0, 0xec, 0xff, 0x20,
    0xa8, 0xff, 0x68, 0x0, 0x0, 0x0, 0x0, 0x0,
    0x0, 0x0, 0x0, 0x0, 0x0, 0xec, 0xff, 0x20,
    0xa8, 0xff, 0x68, 0x0, 0x0, 0x0, 0x0, 0x0,
    0x0, 0x0, 0x0, 0x0, 0x0, 0xec, 0xff, 0x20,
    0xa8, 0xff, 0x68, 0x0, 0x0, 0x0, 0x0, 0x0,
    0x0, 0x0, 0x0, 0x0, 0x0, 0xec, 0xff, 0x20,
    0xa8, 0xff, 0x68, 0x0, 0x0, 0x0, 0x0, 0x0,
    0x0, 0x0, 0x0, 0x0, 0x0, 0xec, 0xff, 0x20,

    /* U+0069 "i" */
    0xb4, 0xff, 0x58, 0xb4, 0xff, 0x58, 0x14, 0x1c,
    0xa, 0x0, 0x0, 0x0, 0x0, 0x0, 0x0, 0xb4,
    0xff, 0x58, 0xb4, 0xff, 0x58, 0xb4, 0xff, 0x58,
    0xb4, 0xff, 0x58, 0xb4, 0xff, 0x58, 0xb4, 0xff,
    0x58, 0xb4, 0xff, 0x58, 0xb4, 0xff, 0x58, 0xb4,
    0xff, 0x58, 0xb4, 0xff, 0x58, 0xb4, 0xff, 0x58,
    0xb4, 0xff, 0x58, 0xb4, 0xff, 0x58, 0xb4, 0xff,
    0x58, 0xb4, 0xff, 0x58,

    /* U+006A "j" */
    0x0, 0x0, 0x0, 0x0, 0x0, 0x0, 0x0, 0x94,
    0xff, 0x80, 0x0, 0x0, 0x0, 0x0, 0x0, 0x0,
    0x0, 0x94, 0xff, 0x80, 0x0, 0x0, 0x0, 0x0,
    0x0, 0x0, 0x0, 0x10, 0x1c, 0xe, 0x0, 0x0,
    0x0, 0x0, 0x0, 0x0, 0x0, 0x0, 0x0, 0x0,
    0x0, 0x0, 0x0, 0x0, 0x0, 0x0, 0x0, 0x0,
    0x0, 0x0, 0x0, 0x0, 0x0, 0x0, 0x0, 0x0,
    0x0, 0x94, 0xff, 0x80, 0x0, 0x0, 0x0, 0x0,
    0x0, 0x0, 0x0, 0x94, 0xff, 0x80, 0x0, 0x0,
    0x0, 0x0, 0x0, 0x0, 0x0, 0x94, 0xff, 0x80,
    0x0, 0x0, 0x0, 0x0, 0x0, 0x0, 0x0, 0x94,
    0xff, 0x80, 0x0, 0x0, 0x0, 0x0, 0x0, 0x0,
    0x0, 0x94, 0xff, 0x80, 0x0, 0x0, 0x0, 0x0,
    0x0, 0x0, 0x0, 0x94, 0xff, 0x80, 0x0, 0x0,
    0x0, 0x0, 0x0, 0x0, 0x0, 0x94, 0xff, 0x80,
    0x0, 0x0, 0x0, 0x0, 0x0, 0x0, 0x0, 0x94,
    0xff, 0x80, 0x0, 0x0, 0x0, 0x0, 0x0, 0x0,
    0x0, 0x94, 0xff, 0x80, 0x0, 0x0, 0x0, 0x0,
    0x0, 0x0, 0x0, 0x94, 0xff, 0x80, 0x0, 0x0,
    0x0, 0x0, 0x0, 0x0, 0x0, 0x94, 0xff, 0x80,
    0x0, 0x0, 0x0, 0x0, 0x0, 0x0, 0x0, 0x94,
    0xff, 0x80, 0x0, 0x0, 0x0, 0x0, 0x0, 0x0,
    0x0, 0x94, 0xff, 0x80, 0x0, 0x0, 0x0, 0x0,
    0x0, 0x0, 0x0, 0x94, 0xff, 0x80, 0x0, 0x0,
    0x0, 0x0, 0x0, 0x0, 0x0, 0x94, 0xff, 0x80,
    0x0, 0x0, 0x0, 0x0, 0x0, 0x0, 0x0, 0x94,
    0xff, 0x80, 0x0, 0x0, 0x0, 0x0, 0x0, 0x0,
    0x0, 0x94, 0xff, 0x80, 0x0, 0x0, 0x0, 0x0,
    0x0, 0x0, 0x0, 0x94, 0xff, 0x80, 0x18, 0x24,
    0x24, 0x24, 0x24, 0x24, 0x2c, 0xd1, 0xff, 0x6e,
    0xac, 0xff, 0xff, 0xff, 0xff, 0xff, 0xff, 0xff,
    0xf1, 0x19, 0xac, 0xff, 0xff, 0xff, 0xff, 0xff,
    0xfd, 0xcc, 0x38, 0x0,

    /* U+006B "k" */
    0xa8, 0xff, 0x68, 0x0, 0x0, 0x0, 0x0, 0x0,
    0x0, 0x0, 0x0, 0x0, 0x0, 0x0, 0x0, 0xa8,
    0xff, 0x68, 0x0, 0x0, 0x0, 0x0, 0x0, 0x0,
    0x0, 0x0, 0x0, 0x0, 0x0, 0x0, 0xa8, 0xff,
    0x68, 0x0, 0x0, 0x0, 0x0, 0x0, 0x0, 0x0,
    0x0, 0x0, 0x0, 0x0, 0x0, 0xa8, 0xff, 0x68,
    0x0, 0x0, 0x0, 0x0, 0x0, 0x0, 0x0, 0x0,
    0x0, 0x0, 0x0, 0x0, 0xa8, 0xff, 0x68, 0x0,
    0x0, 0x0, 0x0, 0x0, 0x0, 0x0, 0x0, 0x0,
    0x0, 0x0, 0x0, 0xa8, 0xff, 0x68, 0x0, 0x0,
    0x0, 0x0, 0x0, 0x0, 0x0, 0x0, 0x62, 0xff,
    0xfe, 0x5e, 0xa8, 0xff, 0x68, 0x0, 0x0, 0x0,
    0x0, 0x0, 0x0, 0x0, 0x57, 0xfd, 0xff, 0x6c,
    0x0, 0xa8, 0xff, 0x68, 0x0, 0x0, 0x0, 0x0,
    0x0, 0x0, 0x4b, 0xfb, 0xff, 0x7e, 0x0, 0x0,
    0xa8, 0xff, 0x68, 0x0, 0x0, 0x0, 0x0, 0x0,
    0x42, 0xf8, 0xff, 0x8d, 0x0, 0x0, 0x0, 0xa8,
    0xff, 0x68, 0x0, 0x0, 0x0, 0x0, 0x38, 0xf4,
    0xff, 0x9d, 0x1, 0x0, 0x0, 0x0, 0xa8, 0xff,
    0x68, 0x0, 0x0, 0x0, 0x30, 0xef, 0xff, 0xab,
    0x3, 0x0, 0x0, 0x0, 0x0, 0xa8, 0xff, 0xff,
    0xff, 0xff, 0xff, 0xff, 0xff, 0xb8, 0x6, 0x0,
    0x0, 0x0, 0x0, 0x0, 0xa8, 0xff, 0xff, 0xff,
    0xff, 0xff, 0xff, 0xff, 0x96, 0x0, 0x0, 0x0,
    0x0, 0x0, 0x0, 0xa8, 0xff, 0x7b, 0x20, 0x20,
    0x20, 0x56, 0xfd, 0xff, 0x69, 0x0, 0x0, 0x0,
    0x0, 0x0, 0xa8, 0xff, 0x68, 0x0, 0x0, 0x0,
    0x0, 0x75, 0xff, 0xfb, 0x40, 0x0, 0x0, 0x0,
    0x0, 0xa8, 0xff, 0x68, 0x0, 0x0, 0x0, 0x0,
    0x0, 0xa2, 0xff, 0xed, 0x23, 0x0, 0x0, 0x0,
    0xa8, 0xff, 0x68, 0x0, 0x0, 0x0, 0x0, 0x0,
    0x7, 0xc5, 0xff, 0xd5, 0xd, 0x0, 0x0, 0xa8,
    0xff, 0x68, 0x0, 0x0, 0x0, 0x0, 0x0, 0x0,
    0x17, 0xe2, 0xff, 0xb5, 0x3, 0x0, 0xa8, 0xff,
    0x68, 0x0, 0x0, 0x0, 0x0, 0x0, 0x0, 0x0,
    0x31, 0xf5, 0xff, 0x8a, 0x0, 0xa8, 0xff, 0x68,
    0x0, 0x0, 0x0, 0x0, 0x0, 0x0, 0x0, 0x0,
    0x53, 0xff, 0xff, 0x5e,

    /* U+006C "l" */
    0xb4, 0xff, 0x58, 0x0, 0x0, 0x0, 0xb4, 0xff,
    0x58, 0x0, 0x0, 0x0, 0xb4, 0xff, 0x58, 0x0,
    0x0, 0x0, 0xb4, 0xff, 0x58, 0x0, 0x0, 0x0,
    0xb4, 0xff, 0x58, 0x0, 0x0, 0x0, 0xb4, 0xff,
    0x58, 0x0, 0x0, 0x0, 0xb4, 0xff, 0x58, 0x0,
    0x0, 0x0, 0xb4, 0xff, 0x58, 0x0, 0x0, 0x0,
    0xb4, 0xff, 0x58, 0x0, 0x0, 0x0, 0xb4, 0xff,
    0x58, 0x0, 0x0, 0x0, 0xb4, 0xff, 0x58, 0x0,
    0x0, 0x0, 0xb4, 0xff, 0x58, 0x0, 0x0, 0x0,
    0xb4, 0xff, 0x58, 0x0, 0x0, 0x0, 0xb4, 0xff,
    0x58, 0x0, 0x0, 0x0, 0xb4, 0xff, 0x58, 0x0,
    0x0, 0x0, 0xb4, 0xff, 0x58, 0x0, 0x0, 0x0,
    0xb4, 0xff, 0x58, 0x0, 0x0, 0x0, 0x9f, 0xff,
    0xa3, 0x22, 0x20, 0x19, 0x3b, 0xfd, 0xff, 0xff,
    0xff, 0xc8, 0x0, 0x54, 0xdc, 0xff, 0xff, 0xc8,

    /* U+006D "m" */
    0xa8, 0xff, 0xff, 0xff, 0xff, 0xff, 0xff, 0xff,
    0xff, 0xff, 0xff, 0xff, 0xff, 0xff, 0xff, 0xff,
    0xff, 0xff, 0xff, 0xfd, 0xce, 0x3c, 0x0, 0xa8,
    0xff, 0xff, 0xff, 0xff, 0xff, 0xff, 0xff, 0xff,
    0xff, 0xff, 0xff, 0xff, 0xff, 0xff, 0xff, 0xff,
    0xff, 0xff, 0xff, 0xff, 0xf3, 0x1d, 0xa8, 0xff,
    0xb2, 0x23, 0x20, 0x20, 0x20, 0x20, 0x20, 0x28,
    0xd0, 0xff, 0xc1, 0x26, 0x20, 0x20, 0x20, 0x20,
    0x20, 0x26, 0xc2, 0xff, 0x73, 0xa8, 0xff, 0x6c,
    0x0, 0x0, 0x0, 0x0, 0x0, 0x0, 0x0, 0x94,
    0xff, 0x80, 0x0, 0x0, 0x0, 0x0, 0x0, 0x0,
    0x0, 0x80, 0xff, 0x88, 0xa8, 0xff, 0x6c, 0x0,
    0x0, 0x0, 0x0, 0x0, 0x0, 0x0, 0x94, 0xff,
    0x80, 0x0, 0x0, 0x0, 0x0, 0x0, 0x0, 0x0,
    0x80, 0xff, 0x88, 0xa8, 0xff, 0x6c, 0x0, 0x0,
    0x0, 0x0, 0x0, 0x0, 0x0, 0x94, 0xff, 0x80,
    0x0, 0x0, 0x0, 0x0, 0x0, 0x0, 0x0, 0x80,
    0xff, 0x88, 0xa8, 0xff, 0x6c, 0x0, 0x0, 0x0,
    0x0, 0x0, 0x0, 0x0, 0x94, 0xff, 0x80, 0x0,
    0x0, 0x0, 0x0, 0x0, 0x0, 0x0, 0x80, 0xff,
    0x88, 0xa8, 0xff, 0x6c, 0x0, 0x0, 0x0, 0x0,
    0x0, 0x0, 0x0, 0x94, 0xff, 0x80, 0x0, 0x0,
    0x0, 0x0, 0x0, 0x0, 0x0, 0x80, 0xff, 0x88,
    0xa8, 0xff, 0x6c, 0x0, 0x0, 0x0, 0x0, 0x0,
    0x0, 0x0, 0x94, 0xff, 0x80, 0x0, 0x0, 0x0,
    0x0, 0x0, 0x0, 0x0, 0x80, 0xff, 0x88, 0xa8,
    0xff, 0x6c, 0x0, 0x0, 0x0, 0x0, 0x0, 0x0,
    0x0, 0x94, 0xff, 0x80, 0x0, 0x0, 0x0, 0x0,
    0x0, 0x0, 0x0, 0x80, 0xff, 0x88, 0xa8, 0xff,
    0x6c, 0x0, 0x0, 0x0, 0x0, 0x0, 0x0, 0x0,
    0x94, 0xff, 0x80, 0x0, 0x0, 0x0, 0x0, 0x0,
    0x0, 0x0, 0x80, 0xff, 0x88, 0xa8, 0xff, 0x6c,
    0x0, 0x0, 0x0, 0x0, 0x0, 0x0, 0x0, 0x94,
    0xff, 0x80, 0x0, 0x0, 0x0, 0x0, 0x0, 0x0,
    0x0, 0x80, 0xff, 0x88, 0xa8, 0xff, 0x6c, 0x0,
    0x0, 0x0, 0x0, 0x0, 0x0, 0x0, 0x94, 0xff,
    0x80, 0x0, 0x0, 0x0, 0x0, 0x0, 0x0, 0x0,
    0x80, 0xff, 0x88, 0xa8, 0xff, 0x6c, 0x0, 0x0,
    0x0, 0x0, 0x0, 0x0, 0x0, 0x94, 0xff, 0x80,
    0x0, 0x0, 0x0, 0x0, 0x0, 0x0, 0x0, 0x80,
    0xff, 0x88, 0xa8, 0xff, 0x6c, 0x0, 0x0, 0x0,
    0x0, 0x0, 0x0, 0x0, 0x94, 0xff, 0x80, 0x0,
    0x0, 0x0, 0x0, 0x0, 0x0, 0x0, 0x80, 0xff,
    0x88,

    /* U+006E "n" */
    0xa8, 0xff, 0xff, 0xff, 0xff, 0xff, 0xff, 0xff,
    0xff, 0xff, 0xff, 0xff, 0xf5, 0x9c, 0xa, 0x0,
    0xa8, 0xff, 0xff, 0xff, 0xff, 0xff, 0xff, 0xff,
    0xff, 0xff, 0xff, 0xff, 0xff, 0xff, 0xa4, 0x0,
    0xa8, 0xff, 0xb0, 0x23, 0x20, 0x20, 0x20, 0x20,
    0x20, 0x20, 0x20, 0x20, 0x48, 0xfd, 0xfd, 0xe,
    0xa8, 0xff, 0x68, 0x0, 0x0, 0x0, 0x0, 0x0,
    0x0, 0x0, 0x0, 0x0, 0x0, 0xec, 0xff, 0x20,
    0xa8, 0xff, 0x68, 0x0, 0x0, 0x0, 0x0, 0x0,
    0x0, 0x0, 0x0, 0x0, 0x0, 0xec, 0xff, 0x20,
    0xa8, 0xff, 0x68, 0x0, 0x0, 0x0, 0x0, 0x0,
    0x0, 0x0, 0x0, 0x0, 0x0, 0xec, 0xff, 0x20,
    0xa8, 0xff, 0x68, 0x0, 0x0, 0x0, 0x0, 0x0,
    0x0, 0x0, 0x0, 0x0, 0x0, 0xec, 0xff, 0x20,
    0xa8, 0xff, 0x68, 0x0, 0x0, 0x0, 0x0, 0x0,
    0x0, 0x0, 0x0, 0x0, 0x0, 0xec, 0xff, 0x20,
    0xa8, 0xff, 0x68, 0x0, 0x0, 0x0, 0x0, 0x0,
    0x0, 0x0, 0x0, 0x0, 0x0, 0xec, 0xff, 0x20,
    0xa8, 0xff, 0x68, 0x0, 0x0, 0x0, 0x0, 0x0,
    0x0, 0x0, 0x0, 0x0, 0x0, 0xec, 0xff, 0x20,
    0xa8, 0xff, 0x68, 0x0, 0x0, 0x0, 0x0, 0x0,
    0x0, 0x0, 0x0, 0x0, 0x0, 0xec, 0xff, 0x20,
    0xa8, 0xff, 0x68, 0x0, 0x0, 0x0, 0x0, 0x0,
    0x0, 0x0, 0x0, 0x0, 0x0, 0xec, 0xff, 0x20,
    0xa8, 0xff, 0x68, 0x0, 0x0, 0x0, 0x0, 0x0,
    0x0, 0x0, 0x0, 0x0, 0x0, 0xec, 0xff, 0x20,
    0xa8, 0xff, 0x68, 0x0, 0x0, 0x0, 0x0, 0x0,
    0x0, 0x0, 0x0, 0x0, 0x0, 0xec, 0xff, 0x20,
    0xa8, 0xff, 0x68, 0x0, 0x0, 0x0, 0x0, 0x0,
    0x0, 0x0, 0x0, 0x0, 0x0, 0xec, 0xff, 0x20,

    /* U+006F "o" */
    0x0, 0x59, 0xdf, 0xff, 0xff, 0xff, 0xff, 0xff,
    0xff, 0xff, 0xff, 0xff, 0xef, 0x92, 0x6, 0x0,
    0x41, 0xfe, 0xff, 0xff, 0xff, 0xff, 0xff, 0xff,
    0xff, 0xff, 0xff, 0xff, 0xff, 0xff, 0x90, 0x0,
    0xa3, 0xff, 0x9f, 0x21, 0x20, 0x20, 0x20, 0x20,
    0x20, 0x20, 0x20, 0x20, 0x5d, 0xff, 0xf5, 0x2,
    0xb8, 0xff, 0x54, 0x0, 0x0, 0x0, 0x0, 0x0,
    0x0, 0x0, 0x0, 0x0, 0x8, 0xff, 0xff, 0xc,
    0xb8, 0xff, 0x54, 0x0, 0x0, 0x0, 0x0, 0x0,
    0x0, 0x0, 0x0, 0x0, 0x8, 0xff, 0xff, 0xc,
    0xb8, 0xff, 0x54, 0x0, 0x0, 0x0, 0x0, 0x0,
    0x0, 0x0, 0x0, 0x0, 0x8, 0xff, 0xff, 0xc,
    0xb8, 0xff, 0x54, 0x0, 0x0, 0x0, 0x0, 0x0,
    0x0, 0x0, 0x0, 0x0, 0x8, 0xff, 0xff, 0xc,
    0xb8, 0xff, 0x54, 0x0, 0x0, 0x0, 0x0, 0x0,
    0x0, 0x0, 0x0, 0x0, 0x8, 0xff, 0xff, 0xc,
    0xb8, 0xff, 0x54, 0x0, 0x0, 0x0, 0x0, 0x0,
    0x0, 0x0, 0x0, 0x0, 0x8, 0xff, 0xff, 0xc,
    0xb8, 0xff, 0x54, 0x0, 0x0, 0x0, 0x0, 0x0,
    0x0, 0x0, 0x0, 0x0, 0x8, 0xff, 0xff, 0xc,
    0xb8, 0xff, 0x54, 0x0, 0x0, 0x0, 0x0, 0x0,
    0x0, 0x0, 0x0, 0x0, 0x8, 0xff, 0xff, 0xc,
    0xb8, 0xff, 0x54, 0x0, 0x0, 0x0, 0x0, 0x0,
    0x0, 0x0, 0x0, 0x0, 0x8, 0xff, 0xff, 0xc,
    0xa4, 0xff, 0x9f, 0x21, 0x20, 0x20, 0x20, 0x20,
    0x20, 0x20, 0x20, 0x20, 0x5d, 0xff, 0xf5, 0x2,
    0x41, 0xfe, 0xff, 0xff, 0xff, 0xff, 0xff, 0xff,
    0xff, 0xff, 0xff, 0xff, 0xff, 0xff, 0x91, 0x0,
    0x0, 0x59, 0xdf, 0xff, 0xff, 0xff, 0xff, 0xff,
    0xff, 0xff, 0xff, 0xff, 0xf1, 0x92, 0x6, 0x0,

    /* U+0070 "p" */
    0xa8, 0xff, 0xff, 0xff, 0xff, 0xff, 0xff, 0xff,
    0xff, 0xff, 0xff, 0xff, 0xf5, 0x9c, 0xa, 0x0,
    0xa8, 0xff, 0xff, 0xff, 0xff, 0xff, 0xff, 0xff,
    0xff, 0xff, 0xff, 0xff, 0xff, 0xff, 0xa4, 0x0,
    0xa8, 0xff, 0xb0, 0x23, 0x20, 0x20, 0x20, 0x20,
    0x20, 0x20, 0x20, 0x20, 0x48, 0xfd, 0xfd, 0xe,
    0xa8, 0xff, 0x68, 0x0, 0x0, 0x0, 0x0, 0x0,
    0x0, 0x0, 0x0, 0x0, 0x0, 0xec, 0xff, 0x20,
    0xa8, 0xff, 0x68, 0x0, 0x0, 0x0, 0x0, 0x0,
    0x0, 0x0, 0x0, 0x0, 0x0, 0xec, 0xff, 0x20,
    0xa8, 0xff, 0x68, 0x0, 0x0, 0x0, 0x0, 0x0,
    0x0, 0x0, 0x0, 0x0, 0x0, 0xec, 0xff, 0x20,
    0xa8, 0xff, 0x68, 0x0, 0x0, 0x0, 0x0, 0x0,
    0x0, 0x0, 0x0, 0x0, 0x0, 0xec, 0xff, 0x20,
    0xa8, 0xff, 0x68, 0x0, 0x0, 0x0, 0x0, 0x0,
    0x0, 0x0, 0x0, 0x0, 0x0, 0xec, 0xff, 0x20,
    0xa8, 0xff, 0x68, 0x0, 0x0, 0x0, 0x0, 0x0,
    0x0, 0x0, 0x0, 0x0, 0x0, 0xec, 0xff, 0x20,
    0xa8, 0xff, 0x68, 0x0, 0x0, 0x0, 0x0, 0x0,
    0x0, 0x0, 0x0, 0x0, 0x0, 0xec, 0xff, 0x20,
    0xa8, 0xff, 0x68, 0x0, 0x0, 0x0, 0x0, 0x0,
    0x0, 0x0, 0x0, 0x0, 0x0, 0xec, 0xff, 0x20,
    0xa8, 0xff, 0x68, 0x0, 0x0, 0x0, 0x0, 0x0,
    0x0, 0x0, 0x0, 0x0, 0x0, 0xec, 0xff, 0x20,
    0xa8, 0xff, 0xb0, 0x23, 0x20, 0x20, 0x20, 0x20,
    0x20, 0x20, 0x20, 0x20, 0x48, 0xfd, 0xfd, 0xe,
    0xa8, 0xff, 0xff, 0xff, 0xff, 0xff, 0xff, 0xff,
    0xff, 0xff, 0xff, 0xff, 0xff, 0xff, 0xa4, 0x0,
    0xa8, 0xff, 0xff, 0xff, 0xff, 0xff, 0xff, 0xff,
    0xff, 0xff, 0xff, 0xff, 0xf5, 0x9c, 0xa, 0x0,
    0xa8, 0xff, 0x68, 0x0, 0x0, 0x0, 0x0, 0x0,
    0x0, 0x0, 0x0, 0x0, 0x0, 0x0, 0x0, 0x0,
    0xa8, 0xff, 0x68, 0x0, 0x0, 0x0, 0x0, 0x0,
    0x0, 0x0, 0x0, 0x0, 0x0, 0x0, 0x0, 0x0,
    0xa8, 0xff, 0x68, 0x0, 0x0, 0x0, 0x0, 0x0,
    0x0, 0x0, 0x0, 0x0, 0x0, 0x0, 0x0, 0x0,
    0xa8, 0xff, 0x68, 0x0, 0x0, 0x0, 0x0, 0x0,
    0x0, 0x0, 0x0, 0x0, 0x0, 0x0, 0x0, 0x0,
    0xa8, 0xff, 0x68, 0x0, 0x0, 0x0, 0x0, 0x0,
    0x0, 0x0, 0x0, 0x0, 0x0, 0x0, 0x0, 0x0,
    0xa8, 0xff, 0x68, 0x0, 0x0, 0x0, 0x0, 0x0,
    0x0, 0x0, 0x0, 0x0, 0x0, 0x0, 0x0, 0x0,

    /* U+0071 "q" */
    0x0, 0x34, 0xc9, 0xfd, 0xff, 0xff, 0xff, 0xff,
    0xff, 0xff, 0xff, 0xff, 0xff, 0xff, 0xff, 0x48,
    0x17, 0xee, 0xff, 0xff, 0xff, 0xff, 0xff, 0xff,
    0xff, 0xff, 0xff, 0xff, 0xff, 0xff, 0xff, 0x48,
    0x6b, 0xff, 0xd0, 0x28, 0x20, 0x20, 0x20, 0x20,
    0x20, 0x20, 0x20, 0x20, 0x36, 0xef, 0xff, 0x48,
    0x80, 0xff, 0x94, 0x0, 0x0, 0x0, 0x0, 0x0,
    0x0, 0x0, 0x0, 0x0, 0x0, 0xc8, 0xff, 0x48,
    0x80, 0xff, 0x94, 0x0, 0x0, 0x0, 0x0, 0x0,
    0x0, 0x0, 0x0, 0x0, 0x0, 0xc8, 0xff, 0x48,
    0x80, 0xff, 0x94, 0x0, 0x0, 0x0, 0x0, 0x0,
    0x0, 0x0, 0x0, 0x0, 0x0, 0xc8, 0xff, 0x48,
    0x80, 0xff, 0x94, 0x0, 0x0, 0x0, 0x0, 0x0,
    0x0, 0x0, 0x0, 0x0, 0x0, 0xc8, 0xff, 0x48,
    0x80, 0xff, 0x94, 0x0, 0x0, 0x0, 0x0, 0x0,
    0x0, 0x0, 0x0, 0x0, 0x0, 0xc8, 0xff, 0x48,
    0x80, 0xff, 0x94, 0x0, 0x0, 0x0, 0x0, 0x0,
    0x0, 0x0, 0x0, 0x0, 0x0, 0xc8, 0xff, 0x48,
    0x80, 0xff, 0x94, 0x0, 0x0, 0x0, 0x0, 0x0,
    0x0, 0x0, 0x0, 0x0, 0x0, 0xc8, 0xff, 0x48,
    0x80, 0xff, 0x94, 0x0, 0x0, 0x0, 0x0, 0x0,
    0x0, 0x0, 0x0, 0x0, 0x0, 0xc8, 0xff, 0x48,
    0x80, 0xff, 0x94, 0x0, 0x0, 0x0, 0x0, 0x0,
    0x0, 0x0, 0x0, 0x0, 0x0, 0xc8, 0xff, 0x48,
    0x6b, 0xff, 0xd0, 0x28, 0x20, 0x20, 0x20, 0x20,
    0x20, 0x20, 0x20, 0x20, 0x36, 0xef, 0xff, 0x48,
    0x17, 0xee, 0xff, 0xff, 0xff, 0xff, 0xff, 0xff,
    0xff, 0xff, 0xff, 0xff, 0xff, 0xff, 0xff, 0x48,
    0x0, 0x34, 0xc9, 0xfd, 0xff, 0xff, 0xff, 0xff,
    0xff, 0xff, 0xff, 0xff, 0xff, 0xff, 0xff, 0x48,
    0x0, 0x0, 0x0, 0x0, 0x0, 0x0, 0x0, 0x0,
    0x0, 0x0, 0x0, 0x0, 0x0, 0xc8, 0xff, 0x48,
    0x0, 0x0, 0x0, 0x0, 0x0, 0x0, 0x0, 0x0,
    0x0, 0x0, 0x0, 0x0, 0x0, 0xc8, 0xff, 0x48,
    0x0, 0x0, 0x0, 0x0, 0x0, 0x0, 0x0, 0x0,
    0x0, 0x0, 0x0, 0x0, 0x0, 0xc8, 0xff, 0x48,
    0x0, 0x0, 0x0, 0x0, 0x0, 0x0, 0x0, 0x0,
    0x0, 0x0, 0x0, 0x0, 0x0, 0xc8, 0xff, 0x48,
    0x0, 0x0, 0x0, 0x0, 0x0, 0x0, 0x0, 0x0,
    0x0, 0x0, 0x0, 0x0, 0x0, 0xc8, 0xff, 0x48,
    0x0, 0x0, 0x0, 0x0, 0x0, 0x0, 0x0, 0x0,
    0x0, 0x0, 0x0, 0x0, 0x0, 0xc8, 0xff, 0x48,

    /* U+0072 "r" */
    0x0, 0x54, 0xdb, 0xff, 0xff, 0xff, 0xff, 0xff,
    0xff, 0xff, 0xff, 0x78, 0x3b, 0xfd, 0xff, 0xff,
    0xff, 0xff, 0xff, 0xff, 0xff, 0xff, 0xff, 0x78,
    0x9f, 0xff, 0xa3, 0x22, 0x20, 0x20, 0x20, 0x20,
    0x20, 0x20, 0x20, 0xf, 0xb4, 0xff, 0x58, 0x0,
    0x0, 0x0, 0x0, 0x0, 0x0, 0x0, 0x0, 0x0,
    0xb4, 0xff, 0x58, 0x0, 0x0, 0x0, 0x0, 0x0,
    0x0, 0x0, 0x0, 0x0, 0xb4, 0xff, 0x58, 0x0,
    0x0, 0x0, 0x0, 0x0, 0x0, 0x0, 0x0, 0x0,
    0xb4, 0xff, 0x58, 0x0, 0x0, 0x0, 0x0, 0x0,
    0x0, 0x0, 0x0, 0x0, 0xb4, 0xff, 0x58, 0x0,
    0x0, 0x0, 0x0, 0x0, 0x0, 0x0, 0x0, 0x0,
    0xb4, 0xff, 0x58, 0x0, 0x0, 0x0, 0x0, 0x0,
    0x0, 0x0, 0x0, 0x0, 0xb4, 0xff, 0x58, 0x0,
    0x0, 0x0, 0x0, 0x0, 0x0, 0x0, 0x0, 0x0,
    0xb4, 0xff, 0x58, 0x0, 0x0, 0x0, 0x0, 0x0,
    0x0, 0x0, 0x0, 0x0, 0xb4, 0xff, 0x58, 0x0,
    0x0, 0x0, 0x0, 0x0, 0x0, 0x0, 0x0, 0x0,
    0xb4, 0xff, 0x58, 0x0, 0x0, 0x0, 0x0, 0x0,
    0x0, 0x0, 0x0, 0x0, 0xb4, 0xff, 0x58, 0x0,
    0x0, 0x0, 0x0, 0x0, 0x0, 0x0, 0x0, 0x0,
    0xb4, 0xff, 0x58, 0x0, 0x0, 0x0, 0x0, 0x0,
    0x0, 0x0, 0x0, 0x0,

    /* U+0073 "s" */
    0x0, 0x6c, 0xe5, 0xff, 0xff, 0xff, 0xff, 0xff,
    0xff, 0xff, 0xff, 0xff, 0xee, 0x8a, 0x4, 0x5d,
    0xff, 0xff, 0xff, 0xff, 0xff, 0xff, 0xff, 0xff,
    0xff, 0xff, 0xff, 0xff, 0xff, 0x85, 0xbe, 0xff,
    0x88, 0x21, 0x20, 0x20, 0x20, 0x20, 0x20, 0x20,
    0x20, 0x20, 0x66, 0xff, 0xe7, 0xcc, 0xff, 0x40,
    0x0, 0x0, 0x0, 0x0, 0x0, 0x0, 0x0, 0x0,
    0x0, 0x5, 0x38, 0x36, 0xcc, 0xff, 0x40, 0x0,
    0x0, 0x0, 0x0, 0x0, 0x0, 0x0, 0x0, 0x0,
    0x0, 0x0, 0x0, 0xc3, 0xff, 0x70, 0x1, 0x0,
    0x0, 0x0, 0x0, 0x0, 0x0, 0x0, 0x0, 0x0,
    0x0, 0x0, 0x6e, 0xff, 0xff, 0xff, 0xff, 0xff,
    0xff, 0xff, 0xff, 0xff, 0xff, 0xff, 0xec, 0x7d,
    0x1, 0x2, 0x8c, 0xf9, 0xff, 0xff, 0xff, 0xff,
    0xff, 0xff, 0xff, 0xff, 0xff, 0xff, 0xff, 0x74,
    0x0, 0x0, 0xc, 0x20, 0x20, 0x20, 0x20, 0x20,
    0x20, 0x20, 0x20, 0x20, 0x72, 0xff, 0xdd, 0x0,
    0x0, 0x0, 0x0, 0x0, 0x0, 0x0, 0x0, 0x0,
    0x0, 0x0, 0x0, 0x19, 0xff, 0xf7, 0x0, 0x0,
    0x0, 0x0, 0x0, 0x0, 0x0, 0x0, 0x0, 0x0,
    0x0, 0x0, 0x18, 0xff, 0xf8, 0x60, 0x78, 0x1f,
    0x0, 0x0, 0x0, 0x0, 0x0, 0x0, 0x0, 0x0,
    0x0, 0x19, 0xff, 0xf7, 0xb4, 0xff, 0x94, 0x21,
    0x20, 0x20, 0x20, 0x20, 0x20, 0x20, 0x20, 0x20,
    0x72, 0xff, 0xdd, 0x4a, 0xff, 0xff, 0xff, 0xff,
    0xff, 0xff, 0xff, 0xff, 0xff, 0xff, 0xff, 0xff,
    0xff, 0x74, 0x0, 0x5e, 0xe3, 0xff, 0xff, 0xff,
    0xff, 0xff, 0xff, 0xff, 0xff, 0xff, 0xed, 0x7f,
    0x1,

    /* U+0074 "t" */
    0xac, 0xff, 0x60, 0x0, 0x0, 0x0, 0x0, 0x0,
    0x0, 0xac, 0xff, 0x60, 0x0, 0x0, 0x0, 0x0,
    0x0, 0x0, 0xac, 0xff, 0x60, 0x0, 0x0, 0x0,
    0x0, 0x0, 0x0, 0xac, 0xff, 0x60, 0x0, 0x0,
    0x0, 0x0, 0x0, 0x0, 0xac, 0xff, 0x60, 0x0,
    0x0, 0x0, 0x0, 0x0, 0x0, 0xac, 0xff, 0xff,
    0xff, 0xff, 0xff, 0xff, 0xff, 0xa8, 0xac, 0xff,
    0xff, 0xff, 0xff, 0xff, 0xff, 0xff, 0xa8, 0xac,
    0xff, 0x74, 0x20, 0x20, 0x20, 0x20, 0x20, 0x15,
    0xac, 0xff, 0x60, 0x0, 0x0, 0x0, 0x0, 0x0,
    0x0, 0xac, 0xff, 0x60, 0x0, 0x0, 0x0, 0x0,
    0x0, 0x0, 0xac, 0xff, 0x60, 0x0, 0x0, 0x0,
    0x0, 0x0, 0x0, 0xac, 0xff, 0x60, 0x0, 0x0,
    0x0, 0x0, 0x0, 0x0, 0xac, 0xff, 0x60, 0x0,
    0x0, 0x0, 0x0, 0x0, 0x0, 0xac, 0xff, 0x60,
    0x0, 0x0, 0x0, 0x0, 0x0, 0x0, 0xac, 0xff,
    0x60, 0x0, 0x0, 0x0, 0x0, 0x0, 0x0, 0xac,
    0xff, 0x60, 0x0, 0x0, 0x0, 0x0, 0x0, 0x0,
    0xac, 0xff, 0x60, 0x0, 0x0, 0x0, 0x0, 0x0,
    0x0, 0x98, 0xff, 0xa9, 0x22, 0x20, 0x20, 0x20,
    0x20, 0x15, 0x37, 0xfd, 0xff, 0xff, 0xff, 0xff,
    0xff, 0xff, 0xa8, 0x0, 0x54, 0xdb, 0xff, 0xff,
    0xff, 0xff, 0xff, 0xa8,

    /* U+0075 "u" */
    0xac, 0xff, 0x60, 0x0, 0x0, 0x0, 0x0, 0x0,
    0x0, 0x0, 0x0, 0x0, 0x0, 0xf4, 0xff, 0x18,
    0xac, 0xff, 0x60, 0x0, 0x0, 0x0, 0x0, 0x0,
    0x0, 0x0, 0x0, 0x0, 0x0, 0xf4, 0xff, 0x18,
    0xac, 0xff, 0x60, 0x0, 0x0, 0x0, 0x0, 0x0,
    0x0, 0x0, 0x0, 0x0, 0x0, 0xf4, 0xff, 0x18,
    0xac, 0xff, 0x60, 0x0, 0x0, 0x0, 0x0, 0x0,
    0x0, 0x0, 0x0, 0x0, 0x0, 0xf4, 0xff, 0x18,
    0xac, 0xff, 0x60, 0x0, 0x0, 0x0, 0x0, 0x0,
    0x0, 0x0, 0x0, 0x0, 0x0, 0xf4, 0xff, 0x18,
    0xac, 0xff, 0x60, 0x0, 0x0, 0x0, 0x0, 0x0,
    0x0, 0x0, 0x0, 0x0, 0x0, 0xf4, 0xff, 0x18,
    0xac, 0xff, 0x60, 0x0, 0x0, 0x0, 0x0, 0x0,
    0x0, 0x0, 0x0, 0x0, 0x0, 0xf4, 0xff, 0x18,
    0xac, 0xff, 0x60, 0x0, 0x0, 0x0, 0x0, 0x0,
    0x0, 0x0, 0x0, 0x0, 0x0, 0xf4, 0xff, 0x18,
    0xac, 0xff, 0x60, 0x0, 0x0, 0x0, 0x0, 0x0,
    0x0, 0x0, 0x0, 0x0, 0x0, 0xf4, 0xff, 0x18,
    0xac, 0xff, 0x60, 0x0, 0x0, 0x0, 0x0, 0x0,
    0x0, 0x0, 0x0, 0x0, 0x0, 0xf4, 0xff, 0x18,
    0xac, 0xff, 0x60, 0x0, 0x0, 0x0, 0x0, 0x0,
    0x0, 0x0, 0x0, 0x0, 0x0, 0xf4, 0xff, 0x18,
    0xac, 0xff, 0x60, 0x0, 0x0, 0x0, 0x0, 0x0,
    0x0, 0x0, 0x0, 0x0, 0x0, 0xf4, 0xff, 0x18,
    0x97, 0xff, 0xa9, 0x22, 0x20, 0x20, 0x20, 0x20,
    0x20, 0x20, 0x20, 0x20, 0x4f, 0xff, 0xfb, 0x9,
    0x34, 0xfc, 0xff, 0xff, 0xff, 0xff, 0xff, 0xff,
    0xff, 0xff, 0xff, 0xff, 0xff, 0xff, 0x9e, 0x0,
    0x0, 0x4f, 0xda, 0xff, 0xff, 0xff, 0xff, 0xff,
    0xff, 0xff, 0xff, 0xff, 0xf4, 0x9a, 0x9, 0x0,

    /* U+0076 "v" */
    0x35, 0xff, 0xfe, 0x31, 0x0, 0x0, 0x0, 0x0,
    0x0, 0x0, 0x0, 0x0, 0x0, 0x0, 0x0, 0x0,
    0xbc, 0xff, 0xa8, 0x0, 0xac, 0xff, 0xb5, 0x0,
    0x0, 0x0, 0x0, 0x0, 0x0, 0x0, 0x0, 0x0,
    0x0, 0x0, 0x42, 0xff, 0xfb, 0x23, 0x0, 0x27,
    0xfc, 0xff, 0x3d, 0x0, 0x0, 0x0, 0x0, 0x0,
    0x0, 0x0, 0x0, 0x0, 0x1, 0xc9, 0xff, 0x97,
    0x0, 0x0, 0x0, 0x9b, 0xff, 0xc2, 0x0, 0x0,
    0x0, 0x0, 0x0, 0x0, 0x0, 0x0, 0x0, 0x4f,
    0xff, 0xf4, 0x19, 0x0, 0x0, 0x0, 0x1b, 0xf7,
    0xff, 0x49, 0x0, 0x0, 0x0, 0x0, 0x0, 0x0,
    0x0, 0x3, 0xd5, 0xff, 0x84, 0x0, 0x0, 0x0,
    0x0, 0x0, 0x8a, 0xff, 0xce, 0x1, 0x0, 0x0,
    0x0, 0x0, 0x0, 0x0, 0x5e, 0xff, 0xed, 0xf,
    0x0, 0x0, 0x0, 0x0, 0x0, 0x11, 0xef, 0xff,
    0x57, 0x0, 0x0, 0x0, 0x0, 0x0, 0x6, 0xde,
    0xff, 0x72, 0x0, 0x0, 0x0, 0x0, 0x0, 0x0,
    0x0, 0x79, 0xff, 0xd9, 0x4, 0x0, 0x0, 0x0,
    0x0, 0x6b, 0xff, 0xe1, 0x8, 0x0, 0x0, 0x0,
    0x0, 0x0, 0x0, 0x0, 0xa, 0xe6, 0xff, 0x63,
    0x0, 0x0, 0x0, 0xa, 0xe7, 0xff, 0x61, 0x0,
    0x0, 0x0, 0x0, 0x0, 0x0, 0x0, 0x0, 0x0,
    0x68, 0xff, 0xe2, 0x7, 0x0, 0x0, 0x7a, 0xff,
    0xd5, 0x3, 0x0, 0x0, 0x0, 0x0, 0x0, 0x0,
    0x0, 0x0, 0x0, 0x4, 0xda, 0xff, 0x71, 0x0,
    0x10, 0xef, 0xff, 0x4f, 0x0, 0x0, 0x0, 0x0,
    0x0, 0x0, 0x0, 0x0, 0x0, 0x0, 0x0, 0x57,
    0xff, 0xea, 0xc, 0x86, 0xff, 0xc6, 0x0, 0x0,
    0x0, 0x0, 0x0, 0x0, 0x0, 0x0, 0x0, 0x0,
    0x0, 0x0, 0x1, 0xcd, 0xff, 0x96, 0xf5, 0xff,
    0x3e, 0x0, 0x0, 0x0, 0x0, 0x0, 0x0, 0x0,
    0x0, 0x0, 0x0, 0x0, 0x0, 0x0, 0x45, 0xff,
    0xff, 0xff, 0xb5, 0x0, 0x0, 0x0, 0x0, 0x0,
    0x0, 0x0, 0x0, 0x0, 0x0, 0x0, 0x0, 0x0,
    0x0, 0x0, 0xbd, 0xff, 0xfe, 0x2f, 0x0, 0x0,
    0x0, 0x0, 0x0, 0x0, 0x0,

    /* U+0077 "w" */
    0x5, 0xeb, 0xff, 0x46, 0x0, 0x0, 0x0, 0x0,
    0x0, 0x0, 0x0, 0x15, 0xf8, 0xff, 0xf9, 0x18,
    0x0, 0x0, 0x0, 0x0, 0x0, 0x0, 0x0, 0x44,
    0xff, 0xf1, 0x8, 0x0, 0x8e, 0xff, 0xac, 0x0,
    0x0, 0x0, 0x0, 0x0, 0x0, 0x0, 0x79, 0xff,
    0xff, 0xff, 0x84, 0x0, 0x0, 0x0, 0x0, 0x0,
    0x0, 0x0, 0xa0, 0xff, 0x9c, 0x0, 0x0, 0x2c,
    0xff, 0xfa, 0x15, 0x0, 0x0, 0x0, 0x0, 0x0,
    0x3, 0xe2, 0xff, 0xf0, 0xff, 0xed, 0xa, 0x0,
    0x0, 0x0, 0x0, 0x0, 0xc, 0xf4, 0xff, 0x3e,
    0x0, 0x0, 0x0, 0xcc, 0xff, 0x74, 0x0, 0x0,
    0x0, 0x0, 0x0, 0x4f, 0xff, 0xfe, 0x44, 0xfd,
    0xff, 0x6a, 0x0, 0x0, 0x0, 0x0, 0x0, 0x5c,
    0xff, 0xdf, 0x1, 0x0, 0x0, 0x0, 0x6c, 0xff,
    0xd8, 0x1, 0x0, 0x0, 0x0, 0x0, 0xbc, 0xff,
    0xb9, 0x0, 0xac, 0xff, 0xd9, 0x2, 0x0, 0x0,
    0x0, 0x0, 0xbc, 0xff, 0x83, 0x0, 0x0, 0x0,
    0x0, 0x10, 0xf8, 0xff, 0x3e, 0x0, 0x0, 0x0,
    0x28, 0xff, 0xff, 0x4e, 0x0, 0x3e, 0xff, 0xff,
    0x4e, 0x0, 0x0, 0x0, 0x1b, 0xfe, 0xff, 0x25,
    0x0, 0x0, 0x0, 0x0, 0x0, 0xa8, 0xff, 0xa2,
    0x0, 0x0, 0x0, 0x93, 0xff, 0xe1, 0x3, 0x0,
    0x0, 0xce, 0xff, 0xc1, 0x0, 0x0, 0x0, 0x78,
    0xff, 0xc8, 0x0, 0x0, 0x0, 0x0, 0x0, 0x0,
    0x46, 0xff, 0xf6, 0x10, 0x0, 0xd, 0xf1, 0xff,
    0x7a, 0x0, 0x0, 0x0, 0x5e, 0xff, 0xff, 0x32,
    0x0, 0x0, 0xd5, 0xff, 0x6a, 0x0, 0x0, 0x0,
    0x0, 0x0, 0x0, 0x2, 0xe2, 0xff, 0x6c, 0x0,
    0x69, 0xff, 0xfa, 0x16, 0x0, 0x0, 0x0, 0x6,
    0xe8, 0xff, 0xa5, 0x0, 0x34, 0xff, 0xf9, 0x13,
    0x0, 0x0, 0x0, 0x0, 0x0, 0x0, 0x0, 0x84,
    0xff, 0xcf, 0x0, 0xd5, 0xff, 0xa7, 0x0, 0x0,
    0x0, 0x0, 0x0, 0x7e, 0xff, 0xfb, 0x1d, 0x92,
    0xff, 0xae, 0x0, 0x0, 0x0, 0x0, 0x0, 0x0,
    0x0, 0x0, 0x24, 0xff, 0xff, 0x75, 0xff, 0xff,
    0x3c, 0x0, 0x0, 0x0, 0x0, 0x0, 0x16, 0xf8,
    0xff, 0x8f, 0xeb, 0xff, 0x52, 0x0, 0x0, 0x0,
    0x0, 0x0, 0x0, 0x0, 0x0, 0x0, 0xc0, 0xff,
    0xfc, 0xff, 0xd3, 0x0, 0x0, 0x0, 0x0, 0x0,
    0x0, 0x0, 0x9e, 0xff, 0xfe, 0xff, 0xed, 0x7,
    0x0, 0x0, 0x0, 0x0, 0x0, 0x0, 0x0, 0x0,
    0x0, 0x5f, 0xff, 0xff, 0xff, 0x68, 0x0, 0x0,
    0x0, 0x0, 0x0, 0x0, 0x0, 0x30, 0xff, 0xff,
    0xff, 0x96, 0x0, 0x0, 0x0, 0x0, 0x0, 0x0,
    0x0, 0x0, 0x0, 0x0, 0xc, 0xf3, 0xff, 0xf2,
    0xd, 0x0, 0x0, 0x0, 0x0, 0x0, 0x0, 0x0,
    0x0, 0xbe, 0xff, 0xff, 0x38, 0x0, 0x0, 0x0,
    0x0, 0x0, 0x0, 0x0, 0x0, 0x0, 0x0, 0x0,
    0x9c, 0xff, 0x95, 0x0, 0x0, 0x0, 0x0, 0x0,
    0x0, 0x0, 0x0, 0x0, 0x50, 0xff, 0xdb, 0x0,
    0x0, 0x0, 0x0, 0x0, 0x0,

    /* U+0078 "x" */
    0x6e, 0xff, 0xfc, 0x46, 0x0, 0x0, 0x0, 0x0,
    0x0, 0x0, 0x0, 0x2e, 0xf4, 0xff, 0x92, 0x0,
    0x9e, 0xff, 0xf0, 0x26, 0x0, 0x0, 0x0, 0x0,
    0x0, 0x17, 0xe2, 0xff, 0xba, 0x4, 0x0, 0x6,
    0xc4, 0xff, 0xda, 0x11, 0x0, 0x0, 0x0, 0x8,
    0xc5, 0xff, 0xda, 0x10, 0x0, 0x0, 0x0, 0x17,
    0xe1, 0xff, 0xbb, 0x4, 0x0, 0x1, 0xa4, 0xff,
    0xf0, 0x27, 0x0, 0x0, 0x0, 0x0, 0x0, 0x31,
    0xf5, 0xff, 0x93, 0x0, 0x79, 0xff, 0xfd, 0x48,
    0x0, 0x0, 0x0, 0x0, 0x0, 0x0, 0x0, 0x54,
    0xff, 0xff, 0xa4, 0xfe, 0xff, 0x70, 0x0, 0x0,
    0x0, 0x0, 0x0, 0x0, 0x0, 0x0, 0x0, 0x81,
    0xff, 0xff, 0xff, 0x9e, 0x0, 0x0, 0x0, 0x0,
    0x0, 0x0, 0x0, 0x0, 0x0, 0x0, 0x11, 0xf3,
    0xff, 0xfd, 0x21, 0x0, 0x0, 0x0, 0x0, 0x0,
    0x0, 0x0, 0x0, 0x0, 0x2, 0xb3, 0xff, 0xff,
    0xff, 0xc9, 0x7, 0x0, 0x0, 0x0, 0x0, 0x0,
    0x0, 0x0, 0x0, 0x7f, 0xff, 0xf6, 0x4d, 0xed,
    0xff, 0x9c, 0x0, 0x0, 0x0, 0x0, 0x0, 0x0,
    0x0, 0x4c, 0xfe, 0xff, 0x5e, 0x0, 0x46, 0xfd,
    0xff, 0x65, 0x0, 0x0, 0x0, 0x0, 0x0, 0x26,
    0xf0, 0xff, 0x94, 0x0, 0x0, 0x0, 0x79, 0xff,
    0xf9, 0x37, 0x0, 0x0, 0x0, 0xc, 0xd5, 0xff,
    0xc6, 0x6, 0x0, 0x0, 0x0, 0x1, 0xaf, 0xff,
    0xe5, 0x17, 0x0, 0x1, 0xad, 0xff, 0xe9, 0x1b,
    0x0, 0x0, 0x0, 0x0, 0x0, 0xe, 0xd9, 0xff,
    0xc2, 0x5, 0x79, 0xff, 0xfc, 0x40, 0x0, 0x0,
    0x0, 0x0, 0x0, 0x0, 0x0, 0x2a, 0xf3, 0xff,
    0x92,

    /* U+0079 "y" */
    0xf4, 0xff, 0x18, 0x0, 0x0, 0x0, 0x0, 0x0,
    0x0, 0x0, 0x0, 0x0, 0x40, 0xff, 0xcc, 0xf4,
    0xff, 0x18, 0x0, 0x0, 0x0, 0x0, 0x0, 0x0,
    0x0, 0x0, 0x0, 0x40, 0xff, 0xcc, 0xf4, 0xff,
    0x18, 0x0, 0x0, 0x0, 0x0, 0x0, 0x0, 0x0,
    0x0, 0x0, 0x40, 0xff, 0xcc, 0xf4, 0xff, 0x18,
    0x0, 0x0, 0x0, 0x0, 0x0, 0x0, 0x0, 0x0,
    0x0, 0x40, 0xff, 0xcc, 0xf4, 0xff, 0x18, 0x0,
    0x0, 0x0, 0x0, 0x0, 0x0, 0x0, 0x0, 0x0,
    0x40, 0xff, 0xcc, 0xf4, 0xff, 0x18, 0x0, 0x0,
    0x0, 0x0, 0x0, 0x0, 0x0, 0x0, 0x0, 0x40,
    0xff, 0xcc, 0xf4, 0xff, 0x18, 0x0, 0x0, 0x0,
    0x0, 0x0, 0x0, 0x0, 0x0, 0x0, 0x40, 0xff,
    0xcc, 0xf4, 0xff, 0x18, 0x0, 0x0, 0x0, 0x0,
    0x0, 0x0, 0x0, 0x0, 0x0, 0x40, 0xff, 0xcc,
    0xf4, 0xff, 0x18, 0x0, 0x0, 0x0, 0x0, 0x0,
    0x0, 0x0, 0x0, 0x0, 0x40, 0xff, 0xcc, 0xf4,
    0xff, 0x18, 0x0, 0x0, 0x0, 0x0, 0x0, 0x0,
    0x0, 0x0, 0x0, 0x40, 0xff, 0xcc, 0xf4, 0xff,
    0x18, 0x0, 0x0, 0x0, 0x0, 0x0, 0x0, 0x0,
    0x0, 0x0, 0x40, 0xff, 0xcc, 0xf4, 0xff, 0x18,
    0x0, 0x0, 0x0, 0x0, 0x0, 0x0, 0x0, 0x0,
    0x0, 0x40, 0xff, 0xcc, 0xdf, 0xff, 0x6d, 0x20,
    0x20, 0x20, 0x20, 0x20, 0x20, 0x20, 0x20, 0x21,
    0x8e, 0xff, 0xcc, 0x78, 0xff, 0xff, 0xff, 0xff,
    0xff, 0xff, 0xff, 0xff, 0xff, 0xff, 0xff, 0xff,
    0xff, 0xcc, 0x2, 0x81, 0xec, 0xff, 0xff, 0xff,
    0xff, 0xff, 0xff, 0xff, 0xff, 0xff, 0xff, 0xff,
    0xcc, 0x0, 0x0, 0x0, 0x0, 0x0, 0x0, 0x0,
    0x0, 0x0, 0x0, 0x0, 0x0, 0x40, 0xff, 0xcc,
    0x0, 0x0, 0x0, 0x0, 0x0, 0x0, 0x0, 0x0,
    0x0, 0x0, 0x0, 0x0, 0x40, 0xff, 0xcc, 0x0,
    0x0, 0x0, 0x0, 0x0, 0x0, 0x0, 0x0, 0x0,
    0x0, 0x0, 0x0, 0x40, 0xff, 0xcc, 0x0, 0x0,
    0xb, 0x28, 0x28, 0x28, 0x28, 0x28, 0x28, 0x28,
    0x28, 0x29, 0x93, 0xff, 0xb7, 0x0, 0x0, 0x48,
    0xff, 0xff, 0xff, 0xff, 0xff, 0xff, 0xff, 0xff,
    0xff, 0xff, 0xff, 0x55, 0x0, 0x0, 0x48, 0xff,
    0xff, 0xff, 0xff, 0xff, 0xff, 0xff, 0xff, 0xff,
    0xe5, 0x69, 0x0,

    /* U+007A "z" */
    0xa8, 0xff, 0xff, 0xff, 0xff, 0xff, 0xff, 0xff,
    0xff, 0xff, 0xff, 0xff, 0xff, 0xff, 0xff, 0x20,
    0xa8, 0xff, 0xff, 0xff, 0xff, 0xff, 0xff, 0xff,
    0xff, 0xff, 0xff, 0xff, 0xff, 0xff, 0xff, 0x20,
    0x15, 0x20, 0x20, 0x20, 0x20, 0x20, 0x20, 0x20,
    0x20, 0x20, 0x20, 0x25, 0xb2, 0xff, 0xff, 0x1f,
    0x0, 0x0, 0x0, 0x0, 0x0, 0x0, 0x0, 0x0,
    0x0, 0x0, 0x17, 0xc2, 0xff, 0xfa, 0x68, 0x0,
    0x0, 0x0, 0x0, 0x0, 0x0, 0x0, 0x0, 0x0,
    0x0, 0x37, 0xe5, 0xff, 0xe5, 0x3a, 0x0, 0x0,
    0x0, 0x0, 0x0, 0x0, 0x0, 0x0, 0x0, 0x0,
    0x64, 0xf9, 0xff, 0xc4, 0x18, 0x0, 0x0, 0x0,
    0x0, 0x0, 0x0, 0x0, 0x0, 0x0, 0x7, 0x99,
    0xff, 0xff, 0x96, 0x6, 0x0, 0x0, 0x0, 0x0,
    0x0, 0x0, 0x0, 0x0, 0x0, 0x1b, 0xc8, 0xff,
    0xf8, 0x61, 0x0, 0x0, 0x0, 0x0, 0x0, 0x0,
    0x0, 0x0, 0x0, 0x0, 0x3c, 0xe8, 0xff, 0xe3,
    0x36, 0x0, 0x0, 0x0, 0x0, 0x0, 0x0, 0x0,
    0x0, 0x0, 0x0, 0x6c, 0xfa, 0xff, 0xc1, 0x16,
    0x0, 0x0, 0x0, 0x0, 0x0, 0x0, 0x0, 0x0,
    0x0, 0x8, 0x9f, 0xff, 0xff, 0x90, 0x4, 0x0,
    0x0, 0x0, 0x0, 0x0, 0x0, 0x0, 0x0, 0x0,
    0x1d, 0xcc, 0xff, 0xf7, 0x5d, 0x0, 0x0, 0x0,
    0x0, 0x0, 0x0, 0x0, 0x0, 0x0, 0x0, 0x0,
    0xa7, 0xff, 0xf0, 0x52, 0x20, 0x20, 0x20, 0x20,
    0x20, 0x20, 0x20, 0x20, 0x20, 0x20, 0x20, 0x4,
    0xa8, 0xff, 0xff, 0xff, 0xff, 0xff, 0xff, 0xff,
    0xff, 0xff, 0xff, 0xff, 0xff, 0xff, 0xff, 0x20,
    0xa8, 0xff, 0xff, 0xff, 0xff, 0xff, 0xff, 0xff,
    0xff, 0xff, 0xff, 0xff, 0xff, 0xff, 0xff, 0x20,

    /* U+007B "{" */
    0x0, 0x0, 0x14, 0xab, 0xf8, 0x80, 0x0, 0x0,
    0xc0, 0xff, 0xff, 0x80, 0x0, 0x29, 0xff, 0xf3,
    0x40, 0x14, 0x0, 0x40, 0xff, 0xcc, 0x0, 0x0,
    0x0, 0x40, 0xff, 0xcc, 0x0, 0x0, 0x0, 0x40,
    0xff, 0xcc, 0x0, 0x0, 0x0, 0x40, 0xff, 0xcc,
    0x0, 0x0, 0x0, 0x6f, 0xff, 0xc0, 0x0, 0x0,
    0x62, 0xff, 0xc9, 0x17, 0x0, 0x0, 0x6c, 0xed,
    0x11, 0x0, 0x0, 0x0, 0x5f, 0xff, 0xc4, 0x13,
    0x0, 0x0, 0x0, 0x74, 0xff, 0xbc, 0x0, 0x0,
    0x0, 0x40, 0xff, 0xcc, 0x0, 0x0, 0x0, 0x40,
    0xff, 0xcc, 0x0, 0x0, 0x0, 0x40, 0xff, 0xcc,
    0x0, 0x0, 0x0, 0x40, 0xff, 0xcc, 0x0, 0x0,
    0x0, 0x29, 0xff, 0xf2, 0x38, 0x10, 0x0, 0x0,
    0xc0, 0xff, 0xff, 0x80, 0x0, 0x0, 0x14, 0xab,
    0xf8, 0x80,

    /* U+007C "|" */
    0xa8, 0xff, 0x68, 0xa8, 0xff, 0x68, 0xa8, 0xff,
    0x68, 0xa8, 0xff, 0x68, 0xa8, 0xff, 0x68, 0xa8,
    0xff, 0x68, 0xa8, 0xff, 0x68, 0xa8, 0xff, 0x68,
    0xa8, 0xff, 0x68, 0xa8, 0xff, 0x68, 0xa8, 0xff,
    0x68, 0xa8, 0xff, 0x68, 0xa8, 0xff, 0x68, 0xa8,
    0xff, 0x68, 0xa8, 0xff, 0x68, 0xa8, 0xff, 0x68,
    0xa8, 0xff, 0x68, 0xa8, 0xff, 0x68, 0xa8, 0xff,
    0x68, 0xa8, 0xff, 0x68, 0xa8, 0xff, 0x68, 0xa8,
    0xff, 0x68, 0xa8, 0xff, 0x68, 0xa8, 0xff, 0x68,
    0xa8, 0xff, 0x68,

    /* U+007D "}" */
    0xb8, 0xef, 0x8b, 0x4, 0x0, 0x0, 0xb8, 0xff,
    0xff, 0x89, 0x0, 0x0, 0x1d, 0x66, 0xff, 0xef,
    0x1, 0x0, 0x0, 0x8, 0xff, 0xff, 0x8, 0x0,
    0x0, 0x8, 0xff, 0xff, 0x8, 0x0, 0x0, 0x8,
    0xff, 0xff, 0x8, 0x0, 0x0, 0x8, 0xff, 0xff,
    0x8, 0x0, 0x0, 0x6, 0xfa, 0xff, 0x33, 0x0,
    0x0, 0x0, 0x3f, 0xeb, 0xfc, 0x23, 0x0, 0x0,
    0x0, 0x38, 0xff, 0x2c, 0x0, 0x0, 0x2b, 0xe0,
    0xfe, 0x25, 0x0, 0x5, 0xf0, 0xff, 0x41, 0x0,
    0x0, 0x8, 0xff, 0xff, 0x8, 0x0, 0x0, 0x8,
    0xff, 0xff, 0x8, 0x0, 0x0, 0x8, 0xff, 0xff,
    0x8, 0x0, 0x0, 0x8, 0xff, 0xff, 0x8, 0x0,
    0x17, 0x5e, 0xff, 0xf0, 0x1, 0x0, 0xb8, 0xff,
    0xff, 0x89, 0x0, 0x0, 0xb8, 0xef, 0x8b, 0x4,
    0x0, 0x0,

    /* U+007E "~" */
    0x53, 0xee, 0xef, 0xab, 0x3c, 0x0, 0x0, 0x0,
    0x0, 0x0, 0x11, 0x8, 0x9, 0x4d, 0xc4, 0xb4,
    0x3c, 0x3, 0x39, 0x9, 0x0, 0x0, 0x0, 0x0,
    0x0, 0x52, 0xc7, 0xf6, 0xd3, 0xd,

    /* U+00AF "¯" */
    0x1b, 0x20, 0x20, 0x20, 0x20, 0x20, 0x20, 0x20,
    0x9, 0xd4, 0xff, 0xff, 0xff, 0xff, 0xff, 0xff,
    0xff, 0x48, 0xd4, 0xff, 0xff, 0xff, 0xff, 0xff,
    0xff, 0xff, 0x48,

    /* U+00B0 "°" */
    0x0, 0x1e, 0x82, 0x9c, 0x9c, 0x9a, 0x6d, 0x8,
    0x0, 0x29, 0xee, 0xff, 0xff, 0xff, 0xff, 0xff,
    0xc6, 0x6, 0xac, 0xd4, 0xc, 0x0, 0x0, 0x0,
    0x2e, 0xfe, 0x5f, 0xdd, 0xa8, 0x0, 0x0, 0x0,
    0x0, 0x0, 0xf4, 0x91, 0xe0, 0xa8, 0x0, 0x0,
    0x0, 0x0, 0x0, 0xf4, 0x94, 0xe0, 0xa8, 0x0,
    0x0, 0x0, 0x0, 0x0, 0xf4, 0x94, 0xcb, 0xb2,
    0x0, 0x0, 0x0, 0x0, 0x5, 0xf9, 0x7e, 0x63,
    0xfc, 0xa0, 0x94, 0x94, 0x94, 0xbd, 0xf5, 0x21,
    0x0, 0x72, 0xe9, 0xff, 0xff, 0xff, 0xd1, 0x3e,
    0x0,

    /* U+2013 "–" */
    0x15, 0x20, 0x20, 0x20, 0x20, 0x20, 0x20, 0x20,
    0x20, 0x20, 0x20, 0x20, 0x20, 0x20, 0x20, 0xc,
    0xa8, 0xff, 0xff, 0xff, 0xff, 0xff, 0xff, 0xff,
    0xff, 0xff, 0xff, 0xff, 0xff, 0xff, 0xff, 0x60,
    0xa8, 0xff, 0xff, 0xff, 0xff, 0xff, 0xff, 0xff,
    0xff, 0xff, 0xff, 0xff, 0xff, 0xff, 0xff, 0x60,

    /* U+2014 "—" */
    0x15, 0x20, 0x20, 0x20, 0x20, 0x20, 0x20, 0x20,
    0x20, 0x20, 0x20, 0x20, 0x20, 0x20, 0x20, 0x20,
    0x20, 0x20, 0xc, 0xa8, 0xff, 0xff, 0xff, 0xff,
    0xff, 0xff, 0xff, 0xff, 0xff, 0xff, 0xff, 0xff,
    0xff, 0xff, 0xff, 0xff, 0xff, 0x60, 0xa8, 0xff,
    0xff, 0xff, 0xff, 0xff, 0xff, 0xff, 0xff, 0xff,
    0xff, 0xff, 0xff, 0xff, 0xff, 0xff, 0xff, 0xff,
    0x60
};

/*---------------------
 *  GLYPH DESCRIPTION
 *--------------------*/

static const lv_font_fmt_txt_glyph_dsc_t glyph_dsc[] = {
    {.bitmap_index = 0, .adv_w = 0, .box_w = 0, .box_h = 0, .ofs_x = 0, .ofs_y = 0} /* id = 0 reserved */,
    {.bitmap_index = 0, .adv_w = 109, .box_w = 0, .box_h = 0, .ofs_x = 0, .ofs_y = 0},
    {.bitmap_index = 0, .adv_w = 88, .box_w = 3, .box_h = 19, .ofs_x = 1, .ofs_y = 0},
    {.bitmap_index = 57, .adv_w = 149, .box_w = 7, .box_h = 4, .ofs_x = 1, .ofs_y = 15},
    {.bitmap_index = 85, .adv_w = 319, .box_w = 20, .box_h = 19, .ofs_x = 0, .ofs_y = 0},
    {.bitmap_index = 465, .adv_w = 315, .box_w = 20, .box_h = 25, .ofs_x = 0, .ofs_y = -3},
    {.bitmap_index = 965, .adv_w = 386, .box_w = 23, .box_h = 20, .ofs_x = 1, .ofs_y = 0},
    {.bitmap_index = 1425, .adv_w = 375, .box_w = 22, .box_h = 19, .ofs_x = 1, .ofs_y = 0},
    {.bitmap_index = 1843, .adv_w = 90, .box_w = 3, .box_h = 4, .ofs_x = 1, .ofs_y = 15},
    {.bitmap_index = 1855, .adv_w = 111, .box_w = 5, .box_h = 19, .ofs_x = 1, .ofs_y = 0},
    {.bitmap_index = 1950, .adv_w = 111, .box_w = 5, .box_h = 19, .ofs_x = 1, .ofs_y = 0},
    {.bitmap_index = 2045, .adv_w = 196, .box_w = 12, .box_h = 11, .ofs_x = 0, .ofs_y = 8},
    {.bitmap_index = 2177, .adv_w = 173, .box_w = 11, .box_h = 11, .ofs_x = 0, .ofs_y = 3},
    {.bitmap_index = 2298, .adv_w = 77, .box_w = 3, .box_h = 6, .ofs_x = 1, .ofs_y = -4},
    {.bitmap_index = 2316, .adv_w = 207, .box_w = 11, .box_h = 3, .ofs_x = 1, .ofs_y = 7},
    {.bitmap_index = 2349, .adv_w = 86, .box_w = 3, .box_h = 3, .ofs_x = 1, .ofs_y = 0},
    {.bitmap_index = 2358, .adv_w = 208, .box_w = 13, .box_h = 19, .ofs_x = 0, .ofs_y = 0},
    {.bitmap_index = 2605, .adv_w = 334, .box_w = 19, .box_h = 19, .ofs_x = 1, .ofs_y = 0},
    {.bitmap_index = 2966, .adv_w = 156, .box_w = 8, .box_h = 19, .ofs_x = 0, .ofs_y = 0},
    {.bitmap_index = 3118, .adv_w = 332, .box_w = 19, .box_h = 19, .ofs_x = 1, .ofs_y = 0},
    {.bitmap_index = 3479, .adv_w = 330, .box_w = 19, .box_h = 19, .ofs_x = 1, .ofs_y = 0},
    {.bitmap_index = 3840, .adv_w = 292, .box_w = 18, .box_h = 19, .ofs_x = 0, .ofs_y = 0},
    {.bitmap_index = 4182, .adv_w = 332, .box_w = 19, .box_h = 19, .ofs_x = 1, .ofs_y = 0},
    {.bitmap_index = 4543, .adv_w = 328, .box_w = 19, .box_h = 19, .ofs_x = 1, .ofs_y = 0},
    {.bitmap_index = 4904, .adv_w = 264, .box_w = 16, .box_h = 19, .ofs_x = 0, .ofs_y = 0},
    {.bitmap_index = 5208, .adv_w = 334, .box_w = 19, .box_h = 19, .ofs_x = 1, .ofs_y = 0},
    {.bitmap_index = 5569, .adv_w = 331, .box_w = 19, .box_h = 19, .ofs_x = 1, .ofs_y = 0},
    {.bitmap_index = 5930, .adv_w = 86, .box_w = 3, .box_h = 15, .ofs_x = 1, .ofs_y = 0},
    {.bitmap_index = 5975, .adv_w = 77, .box_w = 3, .box_h = 19, .ofs_x = 1, .ofs_y = -4},
    {.bitmap_index = 6032, .adv_w = 189, .box_w = 11, .box_h = 15, .ofs_x = 0, .ofs_y = 0},
    {.bitmap_index = 6197, .adv_w = 255, .box_w = 14, .box_h = 8, .ofs_x = 1, .ofs_y = 4},
    {.bitmap_index = 6309, .adv_w = 190, .box_w = 11, .box_h = 15, .ofs_x = 1, .ofs_y = 0},
    {.bitmap_index = 6474, .adv_w = 271, .box_w = 17, .box_h = 19, .ofs_x = 0, .ofs_y = 0},
    {.bitmap_index = 6797, .adv_w = 333, .box_w = 19, .box_h = 19, .ofs_x = 1, .ofs_y = 0},
    {.bitmap_index = 7158, .adv_w = 334, .box_w = 19, .box_h = 19, .ofs_x = 1, .ofs_y = 0},
    {.bitmap_index = 7519, .adv_w = 333, .box_w = 19, .box_h = 19, .ofs_x = 1, .ofs_y = 0},
    {.bitmap_index = 7880, .adv_w = 329, .box_w = 19, .box_h = 19, .ofs_x = 1, .ofs_y = 0},
    {.bitmap_index = 8241, .adv_w = 334, .box_w = 19, .box_h = 19, .ofs_x = 1, .ofs_y = 0},
    {.bitmap_index = 8602, .adv_w = 306, .box_w = 17, .box_h = 19, .ofs_x = 1, .ofs_y = 0},
    {.bitmap_index = 8925, .adv_w = 289, .box_w = 17, .box_h = 19, .ofs_x = 1, .ofs_y = 0},
    {.bitmap_index = 9248, .adv_w = 332, .box_w = 19, .box_h = 19, .ofs_x = 1, .ofs_y = 0},
    {.bitmap_index = 9609, .adv_w = 340, .box_w = 19, .box_h = 19, .ofs_x = 1, .ofs_y = 0},
    {.bitmap_index = 9970, .adv_w = 86, .box_w = 3, .box_h = 19, .ofs_x = 1, .ofs_y = 0},
    {.bitmap_index = 10027, .adv_w = 312, .box_w = 19, .box_h = 19, .ofs_x = 0, .ofs_y = 0},
    {.bitmap_index = 10388, .adv_w = 319, .box_w = 18, .box_h = 19, .ofs_x = 1, .ofs_y = 0},
    {.bitmap_index = 10730, .adv_w = 312, .box_w = 19, .box_h = 19, .ofs_x = 1, .ofs_y = 0},
    {.bitmap_index = 11091, .adv_w = 371, .box_w = 21, .box_h = 19, .ofs_x = 1, .ofs_y = 0},
    {.bitmap_index = 11490, .adv_w = 333, .box_w = 19, .box_h = 19, .ofs_x = 1, .ofs_y = 0},
    {.bitmap_index = 11851, .adv_w = 331, .box_w = 19, .box_h = 19, .ofs_x = 1, .ofs_y = 0},
    {.bitmap_index = 12212, .adv_w = 316, .box_w = 19, .box_h = 19, .ofs_x = 1, .ofs_y = 0},
    {.bitmap_index = 12573, .adv_w = 354, .box_w = 21, .box_h = 19, .ofs_x = 1, .ofs_y = 0},
    {.bitmap_index = 12972, .adv_w = 330, .box_w = 19, .box_h = 19, .ofs_x = 1, .ofs_y = 0},
    {.bitmap_index = 13333, .adv_w = 329, .box_w = 19, .box_h = 19, .ofs_x = 1, .ofs_y = 0},
    {.bitmap_index = 13694, .adv_w = 304, .box_w = 19, .box_h = 19, .ofs_x = 0, .ofs_y = 0},
    {.bitmap_index = 14055, .adv_w = 331, .box_w = 19, .box_h = 19, .ofs_x = 1, .ofs_y = 0},
    {.bitmap_index = 14416, .adv_w = 401, .box_w = 25, .box_h = 19, .ofs_x = 0, .ofs_y = 0},
    {.bitmap_index = 14891, .adv_w = 472, .box_w = 29, .box_h = 19, .ofs_x = 0, .ofs_y = 0},
    {.bitmap_index = 15442, .adv_w = 325, .box_w = 18, .box_h = 19, .ofs_x = 1, .ofs_y = 0},
    {.bitmap_index = 15784, .adv_w = 322, .box_w = 20, .box_h = 19, .ofs_x = 0, .ofs_y = 0},
    {.bitmap_index = 16164, .adv_w = 328, .box_w = 19, .box_h = 19, .ofs_x = 1, .ofs_y = 0},
    {.bitmap_index = 16525, .adv_w = 110, .box_w = 5, .box_h = 19, .ofs_x = 1, .ofs_y = 0},
    {.bitmap_index = 16620, .adv_w = 208, .box_w = 13, .box_h = 19, .ofs_x = 0, .ofs_y = 0},
    {.bitmap_index = 16867, .adv_w = 110, .box_w = 5, .box_h = 19, .ofs_x = 1, .ofs_y = 0},
    {.bitmap_index = 16962, .adv_w = 331, .box_w = 19, .box_h = 3, .ofs_x = 1, .ofs_y = -2},
    {.bitmap_index = 17019, .adv_w = 126, .box_w = 4, .box_h = 4, .ofs_x = 2, .ofs_y = 17},
    {.bitmap_index = 17035, .adv_w = 278, .box_w = 16, .box_h = 15, .ofs_x = 1, .ofs_y = 0},
    {.bitmap_index = 17275, .adv_w = 267, .box_w = 16, .box_h = 20, .ofs_x = 1, .ofs_y = 0},
    {.bitmap_index = 17595, .adv_w = 278, .box_w = 16, .box_h = 15, .ofs_x = 1, .ofs_y = 0},
    {.bitmap_index = 17835, .adv_w = 267, .box_w = 16, .box_h = 20, .ofs_x = 0, .ofs_y = 0},
    {.bitmap_index = 18155, .adv_w = 277, .box_w = 16, .box_h = 15, .ofs_x = 1, .ofs_y = 0},
    {.bitmap_index = 18395, .adv_w = 163, .box_w = 9, .box_h = 20, .ofs_x = 1, .ofs_y = 0},
    {.bitmap_index = 18575, .adv_w = 273, .box_w = 15, .box_h = 21, .ofs_x = 1, .ofs_y = -6},
    {.bitmap_index = 18890, .adv_w = 267, .box_w = 16, .box_h = 20, .ofs_x = 1, .ofs_y = 0},
    {.bitmap_index = 19210, .adv_w = 83, .box_w = 3, .box_h = 20, .ofs_x = 1, .ofs_y = 0},
    {.bitmap_index = 19270, .adv_w = 96, .box_w = 10, .box_h = 26, .ofs_x = -5, .ofs_y = -6},
    {.bitmap_index = 19530, .adv_w = 258, .box_w = 15, .box_h = 20, .ofs_x = 1, .ofs_y = 0},
    {.bitmap_index = 19830, .adv_w = 121, .box_w = 6, .box_h = 20, .ofs_x = 1, .ofs_y = 0},
    {.bitmap_index = 19950, .adv_w = 391, .box_w = 23, .box_h = 15, .ofs_x = 1, .ofs_y = 0},
    {.bitmap_index = 20295, .adv_w = 278, .box_w = 16, .box_h = 15, .ofs_x = 1, .ofs_y = 0},
    {.bitmap_index = 20535, .adv_w = 277, .box_w = 16, .box_h = 15, .ofs_x = 1, .ofs_y = 0},
    {.bitmap_index = 20775, .adv_w = 266, .box_w = 16, .box_h = 21, .ofs_x = 1, .ofs_y = -6},
    {.bitmap_index = 21111, .adv_w = 266, .box_w = 16, .box_h = 21, .ofs_x = 0, .ofs_y = -6},
    {.bitmap_index = 21447, .adv_w = 205, .box_w = 12, .box_h = 15, .ofs_x = 1, .ofs_y = 0},
    {.bitmap_index = 21627, .adv_w = 274, .box_w = 15, .box_h = 15, .ofs_x = 1, .ofs_y = 0},
    {.bitmap_index = 21852, .adv_w = 164, .box_w = 9, .box_h = 20, .ofs_x = 1, .ofs_y = 0},
    {.bitmap_index = 22032, .adv_w = 278, .box_w = 16, .box_h = 15, .ofs_x = 1, .ofs_y = 0},
    {.bitmap_index = 22272, .adv_w = 316, .box_w = 19, .box_h = 15, .ofs_x = 0, .ofs_y = 0},
    {.bitmap_index = 22557, .adv_w = 428, .box_w = 27, .box_h = 15, .ofs_x = 0, .ofs_y = 0},
    {.bitmap_index = 22962, .adv_w = 277, .box_w = 15, .box_h = 15, .ofs_x = 1, .ofs_y = 0},
    {.bitmap_index = 23187, .adv_w = 274, .box_w = 15, .box_h = 21, .ofs_x = 1, .ofs_y = -6},
    {.bitmap_index = 23502, .adv_w = 279, .box_w = 16, .box_h = 15, .ofs_x = 1, .ofs_y = 0},
    {.bitmap_index = 23742, .adv_w = 116, .box_w = 6, .box_h = 19, .ofs_x = 0, .ofs_y = 0},
    {.bitmap_index = 23856, .adv_w = 86, .box_w = 3, .box_h = 25, .ofs_x = 1, .ofs_y = -3},
    {.bitmap_index = 23931, .adv_w = 116, .box_w = 6, .box_h = 19, .ofs_x = 1, .ofs_y = 0},
    {.bitmap_index = 24045, .adv_w = 162, .box_w = 10, .box_h = 3, .ofs_x = 0, .ofs_y = 6},
    {.bitmap_index = 24075, .adv_w = 200, .box_w = 9, .box_h = 3, .ofs_x = 2, .ofs_y = 17},
    {.bitmap_index = 24102, .adv_w = 176, .box_w = 9, .box_h = 9, .ofs_x = 1, .ofs_y = 10},
    {.bitmap_index = 24183, .adv_w = 283, .box_w = 16, .box_h = 3, .ofs_x = 1, .ofs_y = 7},
    {.bitmap_index = 24231, .adv_w = 329, .box_w = 19, .box_h = 3, .ofs_x = 1, .ofs_y = 7}
};

/*---------------------
 *  CHARACTER MAPPING
 *--------------------*/

static const uint16_t unicode_list_2[] = {
    0x0, 0x1, 0x1f64, 0x1f65
};

/*Collect the unicode lists and glyph_id offsets*/
static const lv_font_fmt_txt_cmap_t cmaps[] =
{
    {
        .range_start = 32, .range_length = 62, .glyph_id_start = 1,
        .unicode_list = NULL, .glyph_id_ofs_list = NULL, .list_length = 0, .type = LV_FONT_FMT_TXT_CMAP_FORMAT0_TINY
    },
    {
        .range_start = 95, .range_length = 32, .glyph_id_start = 63,
        .unicode_list = NULL, .glyph_id_ofs_list = NULL, .list_length = 0, .type = LV_FONT_FMT_TXT_CMAP_FORMAT0_TINY
    },
    {
        .range_start = 175, .range_length = 8038, .glyph_id_start = 95,
        .unicode_list = unicode_list_2, .glyph_id_ofs_list = NULL, .list_length = 4, .type = LV_FONT_FMT_TXT_CMAP_SPARSE_TINY
    }
};

/*-----------------
 *    KERNING
 *----------------*/

/*Pair left and right glyphs for kerning*/
static const uint8_t kern_pair_glyph_ids[] =
{
    32, 86,
    34, 56,
    34, 58,
    35, 55,
    35, 58,
    37, 55,
    37, 59,
    38, 46,
    38, 48,
    39, 15,
    39, 43,
    39, 51,
    39, 53,
    39, 89,
    40, 56,
    44, 34,
    44, 41,
    45, 55,
    45, 56,
    45, 58,
    46, 67,
    48, 55,
    48, 56,
    48, 57,
    49, 34,
    49, 43,
    49, 68,
    49, 86,
    51, 55,
    51, 56,
    52, 47,
    52, 56,
    52, 58,
    53, 79,
    53, 83,
    53, 85,
    53, 87,
    53, 89,
    53, 90,
    55, 34,
    55, 48,
    55, 52,
    55, 79,
    55, 83,
    56, 34,
    56, 48,
    56, 65,
    56, 69,
    56, 73,
    56, 79,
    56, 85,
    57, 35,
    58, 52,
    58, 65,
    58, 69,
    58, 73,
    58, 79,
    58, 80,
    58, 83,
    58, 85,
    59, 58,
    65, 66,
    65, 67,
    65, 76,
    65, 77,
    65, 78,
    65, 82,
    65, 83,
    65, 86,
    65, 87,
    65, 88,
    65, 90,
    66, 68,
    67, 69,
    67, 72,
    67, 75,
    67, 84,
    67, 85,
    67, 90,
    68, 69,
    68, 79,
    68, 85,
    69, 67,
    69, 69,
    69, 76,
    69, 82,
    69, 86,
    69, 87,
    69, 88,
    70, 13,
    70, 84,
    70, 85,
    71, 65,
    71, 67,
    71, 69,
    71, 79,
    71, 82,
    71, 83,
    71, 85,
    71, 87,
    72, 65,
    72, 70,
    72, 73,
    73, 65,
    73, 67,
    73, 70,
    73, 78,
    73, 80,
    73, 81,
    73, 86,
    73, 88,
    74, 69,
    75, 69,
    76, 65,
    76, 68,
    76, 69,
    76, 77,
    76, 79,
    76, 86,
    76, 87,
    77, 75,
    77, 77,
    77, 87,
    78, 66,
    78, 67,
    78, 79,
    78, 80,
    78, 88,
    79, 65,
    79, 76,
    79, 78,
    79, 79,
    79, 82,
    79, 83,
    79, 84,
    79, 85,
    79, 86,
    79, 87,
    79, 88,
    80, 68,
    80, 73,
    80, 83,
    81, 85,
    82, 13,
    82, 15,
    82, 79,
    83, 67,
    83, 69,
    83, 75,
    83, 78,
    83, 85,
    83, 86,
    83, 88,
    83, 90,
    84, 66,
    84, 68,
    84, 72,
    84, 73,
    84, 90,
    85, 66,
    85, 67,
    85, 68,
    85, 69,
    85, 70,
    85, 77,
    85, 78,
    85, 80,
    85, 83,
    85, 84,
    85, 88,
    85, 90,
    86, 69,
    86, 79,
    86, 83,
    87, 69,
    87, 79,
    87, 82,
    87, 83,
    88, 69,
    89, 65,
    89, 67,
    89, 69,
    89, 76,
    89, 78,
    89, 79,
    90, 65,
    90, 69,
    90, 76,
    90, 84,
    90, 90
};

/* Kerning between the respective left and right glyphs
 * 4.4 format which needs to scaled with `kern_scale`*/
static const int8_t kern_pair_values[] =
{
    0, -12, -5, -20, -12, -12, -11, -12,
    -12, -51, -96, 2, 4, -8, -11, -12,
    -12, -92, -52, -72, -4, -11, -11, -16,
    4, -75, 4, 0, -8, -8, -8, -10,
    -4, -49, -48, -40, -33, -36, -41, -15,
    -13, -8, -12, -16, -11, -9, -6, -14,
    -4, -10, -8, -14, -14, -39, -48, -8,
    -48, -40, -47, -39, -4, -10, -4, -4,
    -8, -6, -2, -8, -8, -12, -6, -10,
    12, -10, -6, -8, -10, -8, -8, -8,
    -9, -9, -8, -6, -8, -2, -8, -12,
    -7, -72, 2, 4, -6, -6, -6, -8,
    -6, -8, -10, -8, 2, 4, 2, -14,
    -6, -19, -6, -10, -6, -2, -16, -8,
    -2, -4, 2, -6, -4, -4, -24, -26,
    -5, -5, -10, -8, -8, -6, -4, -10,
    -4, -8, -6, -8, -4, -8, -9, -9,
    -5, -14, -14, 10, 6, 4, -10, -97,
    -8, -2, -8, -6, -6, -9, -8, -8,
    -15, -9, 2, 8, 2, 2, 2, -6,
    -8, 4, -6, -4, -8, 2, -6, -6,
    -6, -6, -6, -12, -12, -10, -13, -8,
    -8, -6, -20, -9, -8, -8, 4, -6,
    -9, -10, -10, -8, -8, -8
};

/*Collect the kern pair's data in one place*/
static const lv_font_fmt_txt_kern_pair_t kern_pairs =
{
    .glyph_ids = kern_pair_glyph_ids,
    .values = kern_pair_values,
    .pair_cnt = 190,
    .glyph_ids_size = 0
};

/*--------------------
 *  ALL CUSTOM DATA
 *--------------------*/

#if LVGL_VERSION_MAJOR == 8
/*Store all the custom data of the font*/
static  lv_font_fmt_txt_glyph_cache_t cache;
#endif

#if LVGL_VERSION_MAJOR >= 8
static const lv_font_fmt_txt_dsc_t font_dsc = {
#else
static lv_font_fmt_txt_dsc_t font_dsc = {
#endif
    .glyph_bitmap = glyph_bitmap,
    .glyph_dsc = glyph_dsc,
    .cmaps = cmaps,
    .kern_dsc = &kern_pairs,
    .kern_scale = 16,
    .cmap_num = 3,
    .bpp = 8,
    .kern_classes = 0,
    .bitmap_format = 0,
#if LVGL_VERSION_MAJOR == 8
    .cache = &cache
#endif
};

/*-----------------
 *  PUBLIC FONT
 *----------------*/

/*Initialize a public general font descriptor*/
#if LVGL_VERSION_MAJOR >= 8
const lv_font_t ui_font_orbitron_25 = {
#else
lv_font_t ui_font_orbitron_25 = {
#endif
    .get_glyph_dsc = lv_font_get_glyph_dsc_fmt_txt,    /*Function pointer to get glyph's data*/
    .get_glyph_bitmap = lv_font_get_bitmap_fmt_txt,    /*Function pointer to get glyph's bitmap*/
    .line_height = 28,          /*The maximum line height required by the font*/
    .base_line = 6,             /*Baseline measured from the bottom of the line*/
#if !(LVGL_VERSION_MAJOR == 6 && LVGL_VERSION_MINOR == 0)
    .subpx = LV_FONT_SUBPX_NONE,
#endif
#if LV_VERSION_CHECK(7, 4, 0) || LVGL_VERSION_MAJOR >= 8
    .underline_position = -2,
    .underline_thickness = 1,
#endif
    .dsc = &font_dsc,          /*The custom font data. Will be accessed by `get_glyph_bitmap/dsc` */
#if LV_VERSION_CHECK(8, 2, 0) || LVGL_VERSION_MAJOR >= 9
    .fallback = NULL,
#endif
    .user_data = NULL,
};

#endif /*#if UI_FONT_ORBITRON_25*/